[0m16:36:00.232408 [debug] [MainThread]: Sending event: {'category': 'dbt', 'action': 'invocation', 'label': 'start', 'context': [<snowplow_tracker.self_describing_json.SelfDescribingJson object at 0x10275f920>, <snowplow_tracker.self_describing_json.SelfDescribingJson object at 0x104b29340>, <snowplow_tracker.self_describing_json.SelfDescribingJson object at 0x104b7b620>]}


============================== 16:36:00.235305 | f2b5f119-a7ad-4b25-9427-f0efed1f3a0b ==============================
[0m16:36:00.235305 [info ] [MainThread]: Running with dbt=1.9.4
[0m16:36:00.235639 [debug] [MainThread]: running dbt with arguments {'printer_width': '80', 'indirect_selection': 'eager', 'log_cache_events': 'False', 'write_json': 'True', 'partial_parse': 'True', 'cache_selected_only': 'False', 'profiles_dir': '/Users/almond505/.dbt', 'version_check': 'True', 'warn_error': 'None', 'log_path': '/Users/almond505/Desktop/ETL DBT snowflake airflow/data_pipeline/logs', 'fail_fast': 'False', 'debug': 'False', 'use_colors': 'True', 'use_experimental_parser': 'False', 'no_print': 'None', 'quiet': 'False', 'empty': 'None', 'log_format': 'default', 'invocation_command': 'dbt deps', 'static_parser': 'True', 'introspect': 'True', 'target_path': 'None', 'warn_error_options': 'WarnErrorOptions(include=[], exclude=[])', 'send_anonymous_usage_stats': 'True'}
[0m16:36:00.299538 [debug] [MainThread]: Sending event: {'category': 'dbt', 'action': 'project_id', 'label': 'f2b5f119-a7ad-4b25-9427-f0efed1f3a0b', 'context': [<snowplow_tracker.self_describing_json.SelfDescribingJson object at 0x103681670>]}
[0m16:36:00.311185 [info ] [MainThread]: Warning: No packages were found in packages.yml
[0m16:36:00.311626 [info ] [MainThread]: Warning: No packages were found in packages.yml
[0m16:36:00.313549 [debug] [MainThread]: Resource report: {"command_name": "deps", "command_success": true, "command_wall_clock_time": 0.117115, "process_in_blocks": "0", "process_kernel_time": 0.137957, "process_mem_max_rss": "101072896", "process_out_blocks": "0", "process_user_time": 0.714486}
[0m16:36:00.313884 [debug] [MainThread]: Command `dbt deps` succeeded at 16:36:00.313825 after 0.12 seconds
[0m16:36:00.314105 [debug] [MainThread]: Sending event: {'category': 'dbt', 'action': 'invocation', 'label': 'end', 'context': [<snowplow_tracker.self_describing_json.SelfDescribingJson object at 0x104cb03b0>, <snowplow_tracker.self_describing_json.SelfDescribingJson object at 0x103681670>, <snowplow_tracker.self_describing_json.SelfDescribingJson object at 0x104cab920>]}
[0m16:36:00.314307 [debug] [MainThread]: Flushing usage events
[0m16:36:02.138316 [debug] [MainThread]: An error was encountered while trying to flush usage events
[0m16:36:19.423647 [debug] [MainThread]: Sending event: {'category': 'dbt', 'action': 'invocation', 'label': 'start', 'context': [<snowplow_tracker.self_describing_json.SelfDescribingJson object at 0x10340f5f0>, <snowplow_tracker.self_describing_json.SelfDescribingJson object at 0x10695b770>, <snowplow_tracker.self_describing_json.SelfDescribingJson object at 0x10695b4d0>]}


============================== 16:36:19.426510 | 1fca6c3c-2895-43e7-bfc5-7327c50f54e4 ==============================
[0m16:36:19.426510 [info ] [MainThread]: Running with dbt=1.9.4
[0m16:36:19.426868 [debug] [MainThread]: running dbt with arguments {'printer_width': '80', 'indirect_selection': 'eager', 'write_json': 'True', 'log_cache_events': 'False', 'partial_parse': 'True', 'cache_selected_only': 'False', 'warn_error': 'None', 'debug': 'False', 'profiles_dir': '/Users/almond505/.dbt', 'log_path': '/Users/almond505/Desktop/ETL DBT snowflake airflow/data_pipeline/logs', 'version_check': 'True', 'fail_fast': 'False', 'use_colors': 'True', 'use_experimental_parser': 'False', 'empty': 'None', 'quiet': 'False', 'no_print': 'None', 'warn_error_options': 'WarnErrorOptions(include=[], exclude=[])', 'introspect': 'True', 'invocation_command': 'dbt deps', 'static_parser': 'True', 'target_path': 'None', 'log_format': 'default', 'send_anonymous_usage_stats': 'True'}
[0m16:36:19.481646 [debug] [MainThread]: Sending event: {'category': 'dbt', 'action': 'project_id', 'label': '1fca6c3c-2895-43e7-bfc5-7327c50f54e4', 'context': [<snowplow_tracker.self_describing_json.SelfDescribingJson object at 0x10693aa80>]}
[0m16:36:19.495328 [debug] [MainThread]: Set downloads directory='/var/folders/rm/s4rt6tl530b6lng3sbh874zm0000gn/T/dbt-downloads-n4bqa_ct'
[0m16:36:19.495668 [debug] [MainThread]: Making package index registry request: GET https://hub.getdbt.com/api/v1/index.json
[0m16:36:19.749412 [debug] [MainThread]: Response from registry index: GET https://hub.getdbt.com/api/v1/index.json 200
[0m16:36:19.751632 [debug] [MainThread]: Making package registry request: GET https://hub.getdbt.com/api/v1/dbt-labs/dbt_utils.json
[0m16:36:19.890286 [debug] [MainThread]: Response from registry: GET https://hub.getdbt.com/api/v1/dbt-labs/dbt_utils.json 200
[0m16:36:19.910258 [info ] [MainThread]: Updating lock file in file path: /Users/almond505/Desktop/ETL DBT snowflake airflow/data_pipeline/package-lock.yml
[0m16:36:19.912789 [debug] [MainThread]: Set downloads directory='/var/folders/rm/s4rt6tl530b6lng3sbh874zm0000gn/T/dbt-downloads-nih2rvjy'
[0m16:36:19.916639 [info ] [MainThread]: Installing dbt-labs/dbt_utils
[0m16:36:20.566857 [info ] [MainThread]: Installed from version 1.1.1
[0m16:36:20.567208 [info ] [MainThread]: Updated version available: 1.3.0
[0m16:36:20.567465 [debug] [MainThread]: Sending event: {'category': 'dbt', 'action': 'package', 'label': '1fca6c3c-2895-43e7-bfc5-7327c50f54e4', 'property_': 'install', 'context': [<snowplow_tracker.self_describing_json.SelfDescribingJson object at 0x1069ddd00>, <snowplow_tracker.self_describing_json.SelfDescribingJson object at 0x1069dd880>]}
[0m16:36:20.567740 [info ] [MainThread]: 
[0m16:36:20.567953 [info ] [MainThread]: Updates available for packages: ['dbt-labs/dbt_utils']                 
Update your versions in packages.yml, then run dbt deps
[0m16:36:20.570185 [debug] [MainThread]: Resource report: {"command_name": "deps", "command_success": true, "command_wall_clock_time": 1.1829302, "process_in_blocks": "0", "process_kernel_time": 0.196726, "process_mem_max_rss": "105168896", "process_out_blocks": "0", "process_user_time": 0.798022}
[0m16:36:20.570539 [debug] [MainThread]: Command `dbt deps` succeeded at 16:36:20.570468 after 1.18 seconds
[0m16:36:20.570794 [debug] [MainThread]: Sending event: {'category': 'dbt', 'action': 'invocation', 'label': 'end', 'context': [<snowplow_tracker.self_describing_json.SelfDescribingJson object at 0x106909790>, <snowplow_tracker.self_describing_json.SelfDescribingJson object at 0x106a8cb60>, <snowplow_tracker.self_describing_json.SelfDescribingJson object at 0x106a8ca10>]}
[0m16:36:20.571039 [debug] [MainThread]: Flushing usage events
[0m16:36:22.113356 [debug] [MainThread]: An error was encountered while trying to flush usage events
[0m16:41:25.685492 [debug] [MainThread]: Sending event: {'category': 'dbt', 'action': 'invocation', 'label': 'start', 'context': [<snowplow_tracker.self_describing_json.SelfDescribingJson object at 0x108d04f20>, <snowplow_tracker.self_describing_json.SelfDescribingJson object at 0x1093d9340>, <snowplow_tracker.self_describing_json.SelfDescribingJson object at 0x10942b920>]}


============================== 16:41:25.688516 | c0cd4aca-781b-451a-86a4-19ed97a436f0 ==============================
[0m16:41:25.688516 [info ] [MainThread]: Running with dbt=1.9.4
[0m16:41:25.688864 [debug] [MainThread]: running dbt with arguments {'printer_width': '80', 'indirect_selection': 'eager', 'write_json': 'True', 'log_cache_events': 'False', 'partial_parse': 'True', 'cache_selected_only': 'False', 'profiles_dir': '/Users/almond505/.dbt', 'fail_fast': 'False', 'version_check': 'True', 'log_path': '/Users/almond505/Desktop/ETL DBT snowflake airflow/data_pipeline/logs', 'debug': 'False', 'warn_error': 'None', 'use_colors': 'True', 'use_experimental_parser': 'False', 'empty': 'False', 'quiet': 'False', 'no_print': 'None', 'warn_error_options': 'WarnErrorOptions(include=[], exclude=[])', 'static_parser': 'True', 'log_format': 'default', 'introspect': 'True', 'target_path': 'None', 'invocation_command': 'dbt run', 'send_anonymous_usage_stats': 'True'}
[0m16:41:25.911311 [debug] [MainThread]: Sending event: {'category': 'dbt', 'action': 'project_id', 'label': 'c0cd4aca-781b-451a-86a4-19ed97a436f0', 'context': [<snowplow_tracker.self_describing_json.SelfDescribingJson object at 0x109c830e0>]}
[0m16:41:25.937255 [debug] [MainThread]: Sending event: {'category': 'dbt', 'action': 'adapter_info', 'label': 'c0cd4aca-781b-451a-86a4-19ed97a436f0', 'context': [<snowplow_tracker.self_describing_json.SelfDescribingJson object at 0x108f19730>]}
[0m16:41:25.937847 [info ] [MainThread]: Registered adapter: snowflake=1.9.2
[0m16:41:26.063459 [debug] [MainThread]: checksum: b5597158181700c50f5bc1c71fe28b37a6fb85633dc5323885263678b6bc782c, vars: {}, profile: , target: , version: 1.9.4
[0m16:41:26.063971 [info ] [MainThread]: Unable to do partial parsing because saved manifest not found. Starting full parse.
[0m16:41:26.064174 [debug] [MainThread]: Sending event: {'category': 'dbt', 'action': 'partial_parser', 'label': 'c0cd4aca-781b-451a-86a4-19ed97a436f0', 'context': [<snowplow_tracker.self_describing_json.SelfDescribingJson object at 0x109dd3b30>]}
[0m16:41:26.745782 [warn ] [MainThread]: [[33mWARNING[0m]: Configuration paths exist in your dbt_project.yml file which do not apply to any resources.
There are 1 unused configuration paths:
- models.data_pipeline.marts
[0m16:41:26.751900 [debug] [MainThread]: Sending event: {'category': 'dbt', 'action': 'load_project', 'label': 'c0cd4aca-781b-451a-86a4-19ed97a436f0', 'context': [<snowplow_tracker.self_describing_json.SelfDescribingJson object at 0x10a14ebd0>]}
[0m16:41:26.794432 [debug] [MainThread]: Wrote artifact WritableManifest to /Users/almond505/Desktop/ETL DBT snowflake airflow/data_pipeline/target/manifest.json
[0m16:41:26.796270 [debug] [MainThread]: Wrote artifact SemanticManifest to /Users/almond505/Desktop/ETL DBT snowflake airflow/data_pipeline/target/semantic_manifest.json
[0m16:41:26.807745 [debug] [MainThread]: Sending event: {'category': 'dbt', 'action': 'resource_counts', 'label': 'c0cd4aca-781b-451a-86a4-19ed97a436f0', 'context': [<snowplow_tracker.self_describing_json.SelfDescribingJson object at 0x10a28ce30>]}
[0m16:41:26.808024 [info ] [MainThread]: Found 1 model, 3 data tests, 2 sources, 588 macros
[0m16:41:26.808203 [debug] [MainThread]: Sending event: {'category': 'dbt', 'action': 'runnable_timing', 'label': 'c0cd4aca-781b-451a-86a4-19ed97a436f0', 'context': [<snowplow_tracker.self_describing_json.SelfDescribingJson object at 0x109ce01d0>]}
[0m16:41:26.809002 [info ] [MainThread]: 
[0m16:41:26.809185 [info ] [MainThread]: Concurrency: 10 threads (target='dev')
[0m16:41:26.809326 [info ] [MainThread]: 
[0m16:41:26.809559 [debug] [MainThread]: Acquiring new snowflake connection 'master'
[0m16:41:26.809958 [debug] [ThreadPool]: Acquiring new snowflake connection 'list_dbt_db'
[0m16:41:26.842874 [debug] [ThreadPool]: Using snowflake connection "list_dbt_db"
[0m16:41:26.843117 [debug] [ThreadPool]: On list_dbt_db: /* {"app": "dbt", "dbt_version": "1.9.4", "profile_name": "data_pipeline", "target_name": "dev", "connection_name": "list_dbt_db"} */
show terse schemas in database dbt_db
    limit 10000
[0m16:41:26.843260 [debug] [ThreadPool]: Opening a new connection, currently in state init
[0m16:41:27.955084 [debug] [ThreadPool]: Snowflake adapter: Error running SQL: /* {"app": "dbt", "dbt_version": "1.9.4", "profile_name": "data_pipeline", "target_name": "dev", "connection_name": "list_dbt_db"} */
show terse schemas in database dbt_db
    limit 10000
[0m16:41:27.955740 [debug] [ThreadPool]: Snowflake adapter: Rolling back transaction.
[0m16:41:27.956305 [debug] [ThreadPool]: Snowflake adapter: Error running SQL: macro list_schemas
[0m16:41:27.956714 [debug] [ThreadPool]: Snowflake adapter: Rolling back transaction.
[0m16:41:27.957626 [debug] [MainThread]: Connection 'master' was properly closed.
[0m16:41:27.958041 [debug] [MainThread]: Connection 'list_dbt_db' was left open.
[0m16:41:27.958464 [debug] [MainThread]: On list_dbt_db: No close available on handle
[0m16:41:27.958850 [info ] [MainThread]: 
[0m16:41:27.959270 [info ] [MainThread]: Finished running  in 0 hours 0 minutes and 1.15 seconds (1.15s).
[0m16:41:27.959894 [error] [MainThread]: Encountered an error:
Runtime Error
  Database error while listing schemas in database "dbt_db"
  Database Error
    250001: Could not connect to Snowflake backend after 2 attempt(s).Aborting
[0m16:41:27.963410 [debug] [MainThread]: Resource report: {"command_name": "run", "command_success": false, "command_wall_clock_time": 2.3188083, "process_in_blocks": "0", "process_kernel_time": 0.232374, "process_mem_max_rss": "137265152", "process_out_blocks": "0", "process_user_time": 1.599581}
[0m16:41:27.964153 [debug] [MainThread]: Command `dbt run` failed at 16:41:27.963995 after 2.32 seconds
[0m16:41:27.964682 [debug] [MainThread]: Sending event: {'category': 'dbt', 'action': 'invocation', 'label': 'end', 'context': [<snowplow_tracker.self_describing_json.SelfDescribingJson object at 0x108ce9520>, <snowplow_tracker.self_describing_json.SelfDescribingJson object at 0x1050eb8f0>, <snowplow_tracker.self_describing_json.SelfDescribingJson object at 0x10b16bad0>]}
[0m16:41:27.965211 [debug] [MainThread]: Flushing usage events
[0m16:41:29.611644 [debug] [MainThread]: An error was encountered while trying to flush usage events
[0m16:42:24.416974 [debug] [MainThread]: Sending event: {'category': 'dbt', 'action': 'invocation', 'label': 'start', 'context': [<snowplow_tracker.self_describing_json.SelfDescribingJson object at 0x1083301d0>, <snowplow_tracker.self_describing_json.SelfDescribingJson object at 0x108b8ba70>, <snowplow_tracker.self_describing_json.SelfDescribingJson object at 0x108b8b7d0>]}


============================== 16:42:24.419906 | da675698-9a02-47be-a89b-fd83ce056f91 ==============================
[0m16:42:24.419906 [info ] [MainThread]: Running with dbt=1.9.4
[0m16:42:24.420240 [debug] [MainThread]: running dbt with arguments {'printer_width': '80', 'indirect_selection': 'eager', 'write_json': 'True', 'log_cache_events': 'False', 'partial_parse': 'True', 'cache_selected_only': 'False', 'profiles_dir': '/Users/almond505/.dbt', 'fail_fast': 'False', 'warn_error': 'None', 'log_path': '/Users/almond505/Desktop/ETL DBT snowflake airflow/data_pipeline/logs', 'debug': 'False', 'version_check': 'True', 'use_colors': 'True', 'use_experimental_parser': 'False', 'no_print': 'None', 'quiet': 'False', 'empty': 'False', 'warn_error_options': 'WarnErrorOptions(include=[], exclude=[])', 'invocation_command': 'dbt run', 'introspect': 'True', 'log_format': 'default', 'target_path': 'None', 'static_parser': 'True', 'send_anonymous_usage_stats': 'True'}
[0m16:42:24.642413 [debug] [MainThread]: Sending event: {'category': 'dbt', 'action': 'project_id', 'label': 'da675698-9a02-47be-a89b-fd83ce056f91', 'context': [<snowplow_tracker.self_describing_json.SelfDescribingJson object at 0x1093f6060>]}
[0m16:42:24.668652 [debug] [MainThread]: Sending event: {'category': 'dbt', 'action': 'adapter_info', 'label': 'da675698-9a02-47be-a89b-fd83ce056f91', 'context': [<snowplow_tracker.self_describing_json.SelfDescribingJson object at 0x109087260>]}
[0m16:42:24.669242 [info ] [MainThread]: Registered adapter: snowflake=1.9.2
[0m16:42:24.738472 [debug] [MainThread]: checksum: b5597158181700c50f5bc1c71fe28b37a6fb85633dc5323885263678b6bc782c, vars: {}, profile: , target: , version: 1.9.4
[0m16:42:24.812319 [debug] [MainThread]: Partial parsing enabled: 0 files deleted, 0 files added, 0 files changed.
[0m16:42:24.812561 [debug] [MainThread]: Partial parsing enabled, no changes found, skipping parsing
[0m16:42:24.815218 [warn ] [MainThread]: [[33mWARNING[0m]: Configuration paths exist in your dbt_project.yml file which do not apply to any resources.
There are 1 unused configuration paths:
- models.data_pipeline.marts
[0m16:42:24.834453 [debug] [MainThread]: Sending event: {'category': 'dbt', 'action': 'load_project', 'label': 'da675698-9a02-47be-a89b-fd83ce056f91', 'context': [<snowplow_tracker.self_describing_json.SelfDescribingJson object at 0x108064470>]}
[0m16:42:24.875893 [debug] [MainThread]: Wrote artifact WritableManifest to /Users/almond505/Desktop/ETL DBT snowflake airflow/data_pipeline/target/manifest.json
[0m16:42:24.877511 [debug] [MainThread]: Wrote artifact SemanticManifest to /Users/almond505/Desktop/ETL DBT snowflake airflow/data_pipeline/target/semantic_manifest.json
[0m16:42:24.888943 [debug] [MainThread]: Sending event: {'category': 'dbt', 'action': 'resource_counts', 'label': 'da675698-9a02-47be-a89b-fd83ce056f91', 'context': [<snowplow_tracker.self_describing_json.SelfDescribingJson object at 0x1096b0170>]}
[0m16:42:24.889217 [info ] [MainThread]: Found 1 model, 3 data tests, 2 sources, 588 macros
[0m16:42:24.889390 [debug] [MainThread]: Sending event: {'category': 'dbt', 'action': 'runnable_timing', 'label': 'da675698-9a02-47be-a89b-fd83ce056f91', 'context': [<snowplow_tracker.self_describing_json.SelfDescribingJson object at 0x109822690>]}
[0m16:42:24.890223 [info ] [MainThread]: 
[0m16:42:24.890397 [info ] [MainThread]: Concurrency: 10 threads (target='dev')
[0m16:42:24.890533 [info ] [MainThread]: 
[0m16:42:24.890781 [debug] [MainThread]: Acquiring new snowflake connection 'master'
[0m16:42:24.891196 [debug] [ThreadPool]: Acquiring new snowflake connection 'list_dbt_db'
[0m16:42:24.922268 [debug] [ThreadPool]: Using snowflake connection "list_dbt_db"
[0m16:42:24.922520 [debug] [ThreadPool]: On list_dbt_db: /* {"app": "dbt", "dbt_version": "1.9.4", "profile_name": "data_pipeline", "target_name": "dev", "connection_name": "list_dbt_db"} */
show terse schemas in database dbt_db
    limit 10000
[0m16:42:24.922672 [debug] [ThreadPool]: Opening a new connection, currently in state init
[0m16:42:25.960560 [debug] [ThreadPool]: Snowflake adapter: Error running SQL: /* {"app": "dbt", "dbt_version": "1.9.4", "profile_name": "data_pipeline", "target_name": "dev", "connection_name": "list_dbt_db"} */
show terse schemas in database dbt_db
    limit 10000
[0m16:42:25.961348 [debug] [ThreadPool]: Snowflake adapter: Rolling back transaction.
[0m16:42:25.962494 [debug] [ThreadPool]: Snowflake adapter: Error running SQL: macro list_schemas
[0m16:42:25.963278 [debug] [ThreadPool]: Snowflake adapter: Rolling back transaction.
[0m16:42:25.964622 [debug] [MainThread]: Connection 'master' was properly closed.
[0m16:42:25.965155 [debug] [MainThread]: Connection 'list_dbt_db' was left open.
[0m16:42:25.965583 [debug] [MainThread]: On list_dbt_db: No close available on handle
[0m16:42:25.966006 [info ] [MainThread]: 
[0m16:42:25.966433 [info ] [MainThread]: Finished running  in 0 hours 0 minutes and 1.08 seconds (1.08s).
[0m16:42:25.967118 [error] [MainThread]: Encountered an error:
Runtime Error
  Database error while listing schemas in database "dbt_db"
  Database Error
    250001: Could not connect to Snowflake backend after 2 attempt(s).Aborting
[0m16:42:25.970240 [debug] [MainThread]: Resource report: {"command_name": "run", "command_success": false, "command_wall_clock_time": 1.591785, "process_in_blocks": "0", "process_kernel_time": 0.228046, "process_mem_max_rss": "131465216", "process_out_blocks": "0", "process_user_time": 1.011772}
[0m16:42:25.970851 [debug] [MainThread]: Command `dbt run` failed at 16:42:25.970721 after 1.59 seconds
[0m16:42:25.971345 [debug] [MainThread]: Sending event: {'category': 'dbt', 'action': 'invocation', 'label': 'end', 'context': [<snowplow_tracker.self_describing_json.SelfDescribingJson object at 0x10453eae0>, <snowplow_tracker.self_describing_json.SelfDescribingJson object at 0x1094adca0>, <snowplow_tracker.self_describing_json.SelfDescribingJson object at 0x1092538c0>]}
[0m16:42:25.971845 [debug] [MainThread]: Flushing usage events
[0m16:42:27.674659 [debug] [MainThread]: An error was encountered while trying to flush usage events
[0m16:48:49.803872 [debug] [MainThread]: Sending event: {'category': 'dbt', 'action': 'invocation', 'label': 'start', 'context': [<snowplow_tracker.self_describing_json.SelfDescribingJson object at 0x104b89550>, <snowplow_tracker.self_describing_json.SelfDescribingJson object at 0x1050379b0>, <snowplow_tracker.self_describing_json.SelfDescribingJson object at 0x105037710>]}


============================== 16:48:49.806842 | 5fafbc98-fc1c-48fc-96e0-36c9cd6b1cd0 ==============================
[0m16:48:49.806842 [info ] [MainThread]: Running with dbt=1.9.4
[0m16:48:49.807185 [debug] [MainThread]: running dbt with arguments {'printer_width': '80', 'indirect_selection': 'eager', 'log_cache_events': 'False', 'write_json': 'True', 'partial_parse': 'True', 'cache_selected_only': 'False', 'warn_error': 'None', 'fail_fast': 'False', 'version_check': 'True', 'log_path': '/Users/almond505/Desktop/ETL DBT snowflake airflow/data_pipeline/logs', 'profiles_dir': '/Users/almond505/.dbt', 'debug': 'False', 'use_colors': 'True', 'use_experimental_parser': 'False', 'no_print': 'None', 'quiet': 'False', 'empty': 'False', 'warn_error_options': 'WarnErrorOptions(include=[], exclude=[])', 'static_parser': 'True', 'log_format': 'default', 'invocation_command': 'dbt run', 'target_path': 'None', 'introspect': 'True', 'send_anonymous_usage_stats': 'True'}
[0m16:48:50.028612 [debug] [MainThread]: Sending event: {'category': 'dbt', 'action': 'project_id', 'label': '5fafbc98-fc1c-48fc-96e0-36c9cd6b1cd0', 'context': [<snowplow_tracker.self_describing_json.SelfDescribingJson object at 0x102d31160>]}
[0m16:48:50.054625 [debug] [MainThread]: Sending event: {'category': 'dbt', 'action': 'adapter_info', 'label': '5fafbc98-fc1c-48fc-96e0-36c9cd6b1cd0', 'context': [<snowplow_tracker.self_describing_json.SelfDescribingJson object at 0x1054b5310>]}
[0m16:48:50.055261 [info ] [MainThread]: Registered adapter: snowflake=1.9.2
[0m16:48:50.124900 [debug] [MainThread]: checksum: b5597158181700c50f5bc1c71fe28b37a6fb85633dc5323885263678b6bc782c, vars: {}, profile: , target: , version: 1.9.4
[0m16:48:50.172735 [info ] [MainThread]: Unable to do partial parsing because profile has changed
[0m16:48:50.173064 [debug] [MainThread]: Sending event: {'category': 'dbt', 'action': 'partial_parser', 'label': '5fafbc98-fc1c-48fc-96e0-36c9cd6b1cd0', 'context': [<snowplow_tracker.self_describing_json.SelfDescribingJson object at 0x105c357f0>]}
[0m16:48:50.833278 [warn ] [MainThread]: [[33mWARNING[0m]: Configuration paths exist in your dbt_project.yml file which do not apply to any resources.
There are 1 unused configuration paths:
- models.data_pipeline.marts
[0m16:48:50.839263 [debug] [MainThread]: Sending event: {'category': 'dbt', 'action': 'load_project', 'label': '5fafbc98-fc1c-48fc-96e0-36c9cd6b1cd0', 'context': [<snowplow_tracker.self_describing_json.SelfDescribingJson object at 0x105c81ca0>]}
[0m16:48:50.880849 [debug] [MainThread]: Wrote artifact WritableManifest to /Users/almond505/Desktop/ETL DBT snowflake airflow/data_pipeline/target/manifest.json
[0m16:48:50.882367 [debug] [MainThread]: Wrote artifact SemanticManifest to /Users/almond505/Desktop/ETL DBT snowflake airflow/data_pipeline/target/semantic_manifest.json
[0m16:48:50.894867 [debug] [MainThread]: Sending event: {'category': 'dbt', 'action': 'resource_counts', 'label': '5fafbc98-fc1c-48fc-96e0-36c9cd6b1cd0', 'context': [<snowplow_tracker.self_describing_json.SelfDescribingJson object at 0x105f14530>]}
[0m16:48:50.895136 [info ] [MainThread]: Found 1 model, 3 data tests, 2 sources, 588 macros
[0m16:48:50.895300 [debug] [MainThread]: Sending event: {'category': 'dbt', 'action': 'runnable_timing', 'label': '5fafbc98-fc1c-48fc-96e0-36c9cd6b1cd0', 'context': [<snowplow_tracker.self_describing_json.SelfDescribingJson object at 0x105d11fa0>]}
[0m16:48:50.896104 [info ] [MainThread]: 
[0m16:48:50.896271 [info ] [MainThread]: Concurrency: 10 threads (target='dev')
[0m16:48:50.896406 [info ] [MainThread]: 
[0m16:48:50.896630 [debug] [MainThread]: Acquiring new snowflake connection 'master'
[0m16:48:50.897006 [debug] [ThreadPool]: Acquiring new snowflake connection 'list_dbt_db'
[0m16:48:50.926890 [debug] [ThreadPool]: Using snowflake connection "list_dbt_db"
[0m16:48:50.927126 [debug] [ThreadPool]: On list_dbt_db: /* {"app": "dbt", "dbt_version": "1.9.4", "profile_name": "data_pipeline", "target_name": "dev", "connection_name": "list_dbt_db"} */
show terse schemas in database dbt_db
    limit 10000
[0m16:48:50.927269 [debug] [ThreadPool]: Opening a new connection, currently in state init
[0m16:48:51.966243 [debug] [ThreadPool]: Snowflake adapter: Error running SQL: /* {"app": "dbt", "dbt_version": "1.9.4", "profile_name": "data_pipeline", "target_name": "dev", "connection_name": "list_dbt_db"} */
show terse schemas in database dbt_db
    limit 10000
[0m16:48:51.967066 [debug] [ThreadPool]: Snowflake adapter: Rolling back transaction.
[0m16:48:51.968242 [debug] [ThreadPool]: Snowflake adapter: Error running SQL: macro list_schemas
[0m16:48:51.968928 [debug] [ThreadPool]: Snowflake adapter: Rolling back transaction.
[0m16:48:51.970239 [debug] [MainThread]: Connection 'master' was properly closed.
[0m16:48:51.970808 [debug] [MainThread]: Connection 'list_dbt_db' was left open.
[0m16:48:51.971250 [debug] [MainThread]: On list_dbt_db: No close available on handle
[0m16:48:51.971660 [info ] [MainThread]: 
[0m16:48:51.972093 [info ] [MainThread]: Finished running  in 0 hours 0 minutes and 1.08 seconds (1.08s).
[0m16:48:51.972713 [error] [MainThread]: Encountered an error:
Runtime Error
  Database error while listing schemas in database "dbt_db"
  Database Error
    250001: Could not connect to Snowflake backend after 2 attempt(s).Aborting
[0m16:48:51.975953 [debug] [MainThread]: Resource report: {"command_name": "run", "command_success": false, "command_wall_clock_time": 2.210125, "process_in_blocks": "0", "process_kernel_time": 0.229289, "process_mem_max_rss": "137592832", "process_out_blocks": "0", "process_user_time": 1.613675}
[0m16:48:51.976534 [debug] [MainThread]: Command `dbt run` failed at 16:48:51.976413 after 2.21 seconds
[0m16:48:51.977004 [debug] [MainThread]: Sending event: {'category': 'dbt', 'action': 'invocation', 'label': 'end', 'context': [<snowplow_tracker.self_describing_json.SelfDescribingJson object at 0x100b0aae0>, <snowplow_tracker.self_describing_json.SelfDescribingJson object at 0x1062f8860>, <snowplow_tracker.self_describing_json.SelfDescribingJson object at 0x1062f8d70>]}
[0m16:48:51.977493 [debug] [MainThread]: Flushing usage events
[0m16:48:53.715228 [debug] [MainThread]: An error was encountered while trying to flush usage events
[0m16:50:20.195579 [debug] [MainThread]: Sending event: {'category': 'dbt', 'action': 'invocation', 'label': 'start', 'context': [<snowplow_tracker.self_describing_json.SelfDescribingJson object at 0x104830680>, <snowplow_tracker.self_describing_json.SelfDescribingJson object at 0x1051e3d10>, <snowplow_tracker.self_describing_json.SelfDescribingJson object at 0x1051e3a70>]}


============================== 16:50:20.198608 | f9377e68-8b6c-474e-9b97-dd2ccd0fcd0a ==============================
[0m16:50:20.198608 [info ] [MainThread]: Running with dbt=1.9.4
[0m16:50:20.198989 [debug] [MainThread]: running dbt with arguments {'printer_width': '80', 'indirect_selection': 'eager', 'write_json': 'True', 'log_cache_events': 'False', 'partial_parse': 'True', 'cache_selected_only': 'False', 'profiles_dir': '/Users/almond505/.dbt', 'version_check': 'True', 'warn_error': 'None', 'log_path': '/Users/almond505/Desktop/ETL DBT snowflake airflow/data_pipeline/logs', 'debug': 'False', 'fail_fast': 'False', 'use_colors': 'True', 'use_experimental_parser': 'False', 'empty': 'False', 'quiet': 'False', 'no_print': 'None', 'log_format': 'default', 'static_parser': 'True', 'introspect': 'True', 'invocation_command': 'dbt run', 'target_path': 'None', 'warn_error_options': 'WarnErrorOptions(include=[], exclude=[])', 'send_anonymous_usage_stats': 'True'}
[0m16:50:20.440359 [debug] [MainThread]: Sending event: {'category': 'dbt', 'action': 'project_id', 'label': 'f9377e68-8b6c-474e-9b97-dd2ccd0fcd0a', 'context': [<snowplow_tracker.self_describing_json.SelfDescribingJson object at 0x104d3c620>]}
[0m16:50:20.466468 [debug] [MainThread]: Sending event: {'category': 'dbt', 'action': 'adapter_info', 'label': 'f9377e68-8b6c-474e-9b97-dd2ccd0fcd0a', 'context': [<snowplow_tracker.self_describing_json.SelfDescribingJson object at 0x1047247a0>]}
[0m16:50:20.467082 [info ] [MainThread]: Registered adapter: snowflake=1.9.2
[0m16:50:20.535829 [debug] [MainThread]: checksum: b5597158181700c50f5bc1c71fe28b37a6fb85633dc5323885263678b6bc782c, vars: {}, profile: , target: , version: 1.9.4
[0m16:50:20.583632 [info ] [MainThread]: Unable to do partial parsing because profile has changed
[0m16:50:20.583944 [debug] [MainThread]: Sending event: {'category': 'dbt', 'action': 'partial_parser', 'label': 'f9377e68-8b6c-474e-9b97-dd2ccd0fcd0a', 'context': [<snowplow_tracker.self_describing_json.SelfDescribingJson object at 0x105a78e30>]}
[0m16:50:21.242783 [warn ] [MainThread]: [[33mWARNING[0m]: Configuration paths exist in your dbt_project.yml file which do not apply to any resources.
There are 1 unused configuration paths:
- models.data_pipeline.marts
[0m16:50:21.248685 [debug] [MainThread]: Sending event: {'category': 'dbt', 'action': 'load_project', 'label': 'f9377e68-8b6c-474e-9b97-dd2ccd0fcd0a', 'context': [<snowplow_tracker.self_describing_json.SelfDescribingJson object at 0x105f50950>]}
[0m16:50:21.289429 [debug] [MainThread]: Wrote artifact WritableManifest to /Users/almond505/Desktop/ETL DBT snowflake airflow/data_pipeline/target/manifest.json
[0m16:50:21.290963 [debug] [MainThread]: Wrote artifact SemanticManifest to /Users/almond505/Desktop/ETL DBT snowflake airflow/data_pipeline/target/semantic_manifest.json
[0m16:50:21.303676 [debug] [MainThread]: Sending event: {'category': 'dbt', 'action': 'resource_counts', 'label': 'f9377e68-8b6c-474e-9b97-dd2ccd0fcd0a', 'context': [<snowplow_tracker.self_describing_json.SelfDescribingJson object at 0x105efca40>]}
[0m16:50:21.303964 [info ] [MainThread]: Found 1 model, 3 data tests, 2 sources, 588 macros
[0m16:50:21.304141 [debug] [MainThread]: Sending event: {'category': 'dbt', 'action': 'runnable_timing', 'label': 'f9377e68-8b6c-474e-9b97-dd2ccd0fcd0a', 'context': [<snowplow_tracker.self_describing_json.SelfDescribingJson object at 0x105e75400>]}
[0m16:50:21.304973 [info ] [MainThread]: 
[0m16:50:21.305162 [info ] [MainThread]: Concurrency: 10 threads (target='dev')
[0m16:50:21.305303 [info ] [MainThread]: 
[0m16:50:21.305539 [debug] [MainThread]: Acquiring new snowflake connection 'master'
[0m16:50:21.305954 [debug] [ThreadPool]: Acquiring new snowflake connection 'list_dbt_db'
[0m16:50:21.337084 [debug] [ThreadPool]: Using snowflake connection "list_dbt_db"
[0m16:50:21.337315 [debug] [ThreadPool]: On list_dbt_db: /* {"app": "dbt", "dbt_version": "1.9.4", "profile_name": "data_pipeline", "target_name": "dev", "connection_name": "list_dbt_db"} */
show terse schemas in database dbt_db
    limit 10000
[0m16:50:21.337459 [debug] [ThreadPool]: Opening a new connection, currently in state init
[0m16:50:22.766531 [debug] [ThreadPool]: SQL status: SUCCESS 2 in 1.429 seconds
[0m16:50:22.771441 [debug] [ThreadPool]: Re-using an available connection from the pool (formerly list_dbt_db, now list_dbt_db_dbt_schema)
[0m16:50:22.785913 [debug] [ThreadPool]: Using snowflake connection "list_dbt_db_dbt_schema"
[0m16:50:22.786379 [debug] [ThreadPool]: On list_dbt_db_dbt_schema: /* {"app": "dbt", "dbt_version": "1.9.4", "profile_name": "data_pipeline", "target_name": "dev", "connection_name": "list_dbt_db_dbt_schema"} */
show objects in dbt_db.dbt_schema limit 10000;
[0m16:50:22.928377 [debug] [ThreadPool]: SQL status: SUCCESS 0 in 0.141 seconds
[0m16:50:22.932867 [debug] [MainThread]: Sending event: {'category': 'dbt', 'action': 'runnable_timing', 'label': 'f9377e68-8b6c-474e-9b97-dd2ccd0fcd0a', 'context': [<snowplow_tracker.self_describing_json.SelfDescribingJson object at 0x106101e20>]}
[0m16:50:22.939311 [debug] [Thread-1 (]: Began running node model.data_pipeline.stg_tpch_orders
[0m16:50:22.940150 [info ] [Thread-1 (]: 1 of 1 START sql view model dbt_schema.stg_tpch_orders ......................... [RUN]
[0m16:50:22.940801 [debug] [Thread-1 (]: Re-using an available connection from the pool (formerly list_dbt_db_dbt_schema, now model.data_pipeline.stg_tpch_orders)
[0m16:50:22.941298 [debug] [Thread-1 (]: Began compiling node model.data_pipeline.stg_tpch_orders
[0m16:50:22.951583 [debug] [Thread-1 (]: Writing injected SQL for node "model.data_pipeline.stg_tpch_orders"
[0m16:50:22.953037 [debug] [Thread-1 (]: Began executing node model.data_pipeline.stg_tpch_orders
[0m16:50:22.981474 [debug] [Thread-1 (]: Writing runtime sql for node "model.data_pipeline.stg_tpch_orders"
[0m16:50:22.982771 [debug] [Thread-1 (]: Using snowflake connection "model.data_pipeline.stg_tpch_orders"
[0m16:50:22.983076 [debug] [Thread-1 (]: On model.data_pipeline.stg_tpch_orders: /* {"app": "dbt", "dbt_version": "1.9.4", "profile_name": "data_pipeline", "target_name": "dev", "node_id": "model.data_pipeline.stg_tpch_orders"} */
create or replace   view dbt_db.dbt_schema.stg_tpch_orders
  
   as (
    select
    o_orderkey as order_key,
    o_custkey as customer_key,
    o_orderstatus as status_code,
    o_totalprice as total_price,
    o_orderdate as order_date
from
    snowflake_sample_data.tpch_sf1.orders
  );
[0m16:50:23.200706 [debug] [Thread-1 (]: SQL status: SUCCESS 1 in 0.217 seconds
[0m16:50:23.237547 [debug] [Thread-1 (]: Sending event: {'category': 'dbt', 'action': 'run_model', 'label': 'f9377e68-8b6c-474e-9b97-dd2ccd0fcd0a', 'context': [<snowplow_tracker.self_describing_json.SelfDescribingJson object at 0x107109fd0>]}
[0m16:50:23.238335 [info ] [Thread-1 (]: 1 of 1 OK created sql view model dbt_schema.stg_tpch_orders .................... [[32mSUCCESS 1[0m in 0.29s]
[0m16:50:23.238940 [debug] [Thread-1 (]: Finished running node model.data_pipeline.stg_tpch_orders
[0m16:50:23.240129 [debug] [MainThread]: Connection 'master' was properly closed.
[0m16:50:23.240439 [debug] [MainThread]: Connection 'model.data_pipeline.stg_tpch_orders' was left open.
[0m16:50:23.240698 [debug] [MainThread]: On model.data_pipeline.stg_tpch_orders: Close
[0m16:50:23.439813 [info ] [MainThread]: 
[0m16:50:23.440771 [info ] [MainThread]: Finished running 1 view model in 0 hours 0 minutes and 2.13 seconds (2.13s).
[0m16:50:23.442042 [debug] [MainThread]: Command end result
[0m16:50:23.474451 [debug] [MainThread]: Wrote artifact WritableManifest to /Users/almond505/Desktop/ETL DBT snowflake airflow/data_pipeline/target/manifest.json
[0m16:50:23.476022 [debug] [MainThread]: Wrote artifact SemanticManifest to /Users/almond505/Desktop/ETL DBT snowflake airflow/data_pipeline/target/semantic_manifest.json
[0m16:50:23.480979 [debug] [MainThread]: Wrote artifact RunExecutionResult to /Users/almond505/Desktop/ETL DBT snowflake airflow/data_pipeline/target/run_results.json
[0m16:50:23.481306 [info ] [MainThread]: 
[0m16:50:23.481686 [info ] [MainThread]: [32mCompleted successfully[0m
[0m16:50:23.481945 [info ] [MainThread]: 
[0m16:50:23.482213 [info ] [MainThread]: Done. PASS=1 WARN=0 ERROR=0 SKIP=0 TOTAL=1
[0m16:50:23.484560 [debug] [MainThread]: Resource report: {"command_name": "run", "command_success": true, "command_wall_clock_time": 3.3246613, "process_in_blocks": "0", "process_kernel_time": 0.344858, "process_mem_max_rss": "146604032", "process_out_blocks": "0", "process_user_time": 1.995589}
[0m16:50:23.484958 [debug] [MainThread]: Command `dbt run` succeeded at 16:50:23.484877 after 3.33 seconds
[0m16:50:23.485236 [debug] [MainThread]: Sending event: {'category': 'dbt', 'action': 'invocation', 'label': 'end', 'context': [<snowplow_tracker.self_describing_json.SelfDescribingJson object at 0x104efc6b0>, <snowplow_tracker.self_describing_json.SelfDescribingJson object at 0x106f514f0>, <snowplow_tracker.self_describing_json.SelfDescribingJson object at 0x105e6a330>]}
[0m16:50:23.485516 [debug] [MainThread]: Flushing usage events
[0m16:50:25.167076 [debug] [MainThread]: An error was encountered while trying to flush usage events
[0m17:17:21.401366 [debug] [MainThread]: Sending event: {'category': 'dbt', 'action': 'invocation', 'label': 'start', 'context': [<snowplow_tracker.self_describing_json.SelfDescribingJson object at 0x1023d3aa0>, <snowplow_tracker.self_describing_json.SelfDescribingJson object at 0x1049e3ad0>, <snowplow_tracker.self_describing_json.SelfDescribingJson object at 0x1048b1520>]}


============================== 17:17:21.404240 | c9f018a2-0493-466c-b4a7-5607cbb8ecbb ==============================
[0m17:17:21.404240 [info ] [MainThread]: Running with dbt=1.9.4
[0m17:17:21.404575 [debug] [MainThread]: running dbt with arguments {'printer_width': '80', 'indirect_selection': 'eager', 'write_json': 'True', 'log_cache_events': 'False', 'partial_parse': 'True', 'cache_selected_only': 'False', 'profiles_dir': '/Users/almond505/.dbt', 'fail_fast': 'False', 'debug': 'False', 'log_path': '/Users/almond505/Desktop/ETL DBT snowflake airflow/data_pipeline/logs', 'version_check': 'True', 'warn_error': 'None', 'use_colors': 'True', 'use_experimental_parser': 'False', 'no_print': 'None', 'quiet': 'False', 'empty': 'False', 'log_format': 'default', 'static_parser': 'True', 'warn_error_options': 'WarnErrorOptions(include=[], exclude=[])', 'invocation_command': 'dbt run -s stg_tpch_line_items.sql', 'target_path': 'None', 'introspect': 'True', 'send_anonymous_usage_stats': 'True'}
[0m17:17:21.624412 [debug] [MainThread]: Sending event: {'category': 'dbt', 'action': 'project_id', 'label': 'c9f018a2-0493-466c-b4a7-5607cbb8ecbb', 'context': [<snowplow_tracker.self_describing_json.SelfDescribingJson object at 0x1046be0f0>]}
[0m17:17:21.651040 [debug] [MainThread]: Sending event: {'category': 'dbt', 'action': 'adapter_info', 'label': 'c9f018a2-0493-466c-b4a7-5607cbb8ecbb', 'context': [<snowplow_tracker.self_describing_json.SelfDescribingJson object at 0x104ea19a0>]}
[0m17:17:21.651660 [info ] [MainThread]: Registered adapter: snowflake=1.9.2
[0m17:17:21.755889 [debug] [MainThread]: checksum: b5597158181700c50f5bc1c71fe28b37a6fb85633dc5323885263678b6bc782c, vars: {}, profile: , target: , version: 1.9.4
[0m17:17:21.830536 [debug] [MainThread]: Partial parsing enabled: 0 files deleted, 1 files added, 0 files changed.
[0m17:17:21.830871 [debug] [MainThread]: Partial parsing: added file: data_pipeline://models/staging/stg_tpch_line_items.sql
[0m17:17:21.950389 [warn ] [MainThread]: [[33mWARNING[0m]: Configuration paths exist in your dbt_project.yml file which do not apply to any resources.
There are 1 unused configuration paths:
- models.data_pipeline.marts
[0m17:17:21.957012 [debug] [MainThread]: Sending event: {'category': 'dbt', 'action': 'load_project', 'label': 'c9f018a2-0493-466c-b4a7-5607cbb8ecbb', 'context': [<snowplow_tracker.self_describing_json.SelfDescribingJson object at 0x1056d3440>]}
[0m17:17:22.000469 [debug] [MainThread]: Wrote artifact WritableManifest to /Users/almond505/Desktop/ETL DBT snowflake airflow/data_pipeline/target/manifest.json
[0m17:17:22.002137 [debug] [MainThread]: Wrote artifact SemanticManifest to /Users/almond505/Desktop/ETL DBT snowflake airflow/data_pipeline/target/semantic_manifest.json
[0m17:17:22.014615 [debug] [MainThread]: Sending event: {'category': 'dbt', 'action': 'resource_counts', 'label': 'c9f018a2-0493-466c-b4a7-5607cbb8ecbb', 'context': [<snowplow_tracker.self_describing_json.SelfDescribingJson object at 0x1057556a0>]}
[0m17:17:22.014901 [info ] [MainThread]: Found 2 models, 3 data tests, 2 sources, 588 macros
[0m17:17:22.015069 [debug] [MainThread]: Sending event: {'category': 'dbt', 'action': 'runnable_timing', 'label': 'c9f018a2-0493-466c-b4a7-5607cbb8ecbb', 'context': [<snowplow_tracker.self_describing_json.SelfDescribingJson object at 0x1056d13d0>]}
[0m17:17:22.015886 [info ] [MainThread]: 
[0m17:17:22.016060 [info ] [MainThread]: Concurrency: 10 threads (target='dev')
[0m17:17:22.016195 [info ] [MainThread]: 
[0m17:17:22.016425 [debug] [MainThread]: Acquiring new snowflake connection 'master'
[0m17:17:22.016832 [debug] [ThreadPool]: Acquiring new snowflake connection 'list_dbt_db'
[0m17:17:22.080230 [debug] [ThreadPool]: Using snowflake connection "list_dbt_db"
[0m17:17:22.080460 [debug] [ThreadPool]: On list_dbt_db: /* {"app": "dbt", "dbt_version": "1.9.4", "profile_name": "data_pipeline", "target_name": "dev", "connection_name": "list_dbt_db"} */
show terse schemas in database dbt_db
    limit 10000
[0m17:17:22.080612 [debug] [ThreadPool]: Opening a new connection, currently in state init
[0m17:17:22.838889 [debug] [ThreadPool]: SQL status: SUCCESS 2 in 0.758 seconds
[0m17:17:22.844525 [debug] [ThreadPool]: Re-using an available connection from the pool (formerly list_dbt_db, now list_dbt_db_dbt_schema)
[0m17:17:22.853388 [debug] [ThreadPool]: Using snowflake connection "list_dbt_db_dbt_schema"
[0m17:17:22.853691 [debug] [ThreadPool]: On list_dbt_db_dbt_schema: /* {"app": "dbt", "dbt_version": "1.9.4", "profile_name": "data_pipeline", "target_name": "dev", "connection_name": "list_dbt_db_dbt_schema"} */
show objects in dbt_db.dbt_schema limit 10000;
[0m17:17:22.984479 [debug] [ThreadPool]: SQL status: SUCCESS 1 in 0.130 seconds
[0m17:17:22.989225 [debug] [MainThread]: Sending event: {'category': 'dbt', 'action': 'runnable_timing', 'label': 'c9f018a2-0493-466c-b4a7-5607cbb8ecbb', 'context': [<snowplow_tracker.self_describing_json.SelfDescribingJson object at 0x10511e9c0>]}
[0m17:17:22.994147 [debug] [Thread-1 (]: Began running node model.data_pipeline.stg_tpch_line_items
[0m17:17:22.994991 [info ] [Thread-1 (]: 1 of 1 START sql view model dbt_schema.stg_tpch_line_items ..................... [RUN]
[0m17:17:22.995676 [debug] [Thread-1 (]: Re-using an available connection from the pool (formerly list_dbt_db_dbt_schema, now model.data_pipeline.stg_tpch_line_items)
[0m17:17:22.996179 [debug] [Thread-1 (]: Began compiling node model.data_pipeline.stg_tpch_line_items
[0m17:17:23.008132 [debug] [Thread-1 (]: Writing injected SQL for node "model.data_pipeline.stg_tpch_line_items"
[0m17:17:23.009362 [debug] [Thread-1 (]: Began executing node model.data_pipeline.stg_tpch_line_items
[0m17:17:23.036369 [debug] [Thread-1 (]: Writing runtime sql for node "model.data_pipeline.stg_tpch_line_items"
[0m17:17:23.037615 [debug] [Thread-1 (]: Using snowflake connection "model.data_pipeline.stg_tpch_line_items"
[0m17:17:23.037938 [debug] [Thread-1 (]: On model.data_pipeline.stg_tpch_line_items: /* {"app": "dbt", "dbt_version": "1.9.4", "profile_name": "data_pipeline", "target_name": "dev", "node_id": "model.data_pipeline.stg_tpch_line_items"} */
create or replace   view dbt_db.dbt_schema.stg_tpch_line_items
  
   as (
    select
    md5(cast(coalesce(cast(l_orderkey as TEXT), '_dbt_utils_surrogate_key_null_') || '-' || coalesce(cast(l_linenumber as TEXT), '_dbt_utils_surrogate_key_null_') as TEXT)) as order_item_key,
	l_orderkey as order_key,
	l_partkey as part_key,
	l_linenumber as line_number,
	l_quantity as quantity,
	l_extendedprice as extended_price,
	l_discount as discount_percentage,
	l_tax as tax_rate
from
    snowflake_sample_data.tpch_sf1.lineitem
  );
[0m17:17:23.388431 [debug] [Thread-1 (]: SQL status: SUCCESS 1 in 0.350 seconds
[0m17:17:23.421452 [debug] [Thread-1 (]: Sending event: {'category': 'dbt', 'action': 'run_model', 'label': 'c9f018a2-0493-466c-b4a7-5607cbb8ecbb', 'context': [<snowplow_tracker.self_describing_json.SelfDescribingJson object at 0x1024ec1d0>]}
[0m17:17:23.422190 [info ] [Thread-1 (]: 1 of 1 OK created sql view model dbt_schema.stg_tpch_line_items ................ [[32mSUCCESS 1[0m in 0.42s]
[0m17:17:23.422771 [debug] [Thread-1 (]: Finished running node model.data_pipeline.stg_tpch_line_items
[0m17:17:23.424091 [debug] [MainThread]: Connection 'master' was properly closed.
[0m17:17:23.424393 [debug] [MainThread]: Connection 'model.data_pipeline.stg_tpch_line_items' was left open.
[0m17:17:23.424670 [debug] [MainThread]: On model.data_pipeline.stg_tpch_line_items: Close
[0m17:17:23.638794 [info ] [MainThread]: 
[0m17:17:23.640023 [info ] [MainThread]: Finished running 1 view model in 0 hours 0 minutes and 1.62 seconds (1.62s).
[0m17:17:23.641297 [debug] [MainThread]: Command end result
[0m17:17:23.673426 [debug] [MainThread]: Wrote artifact WritableManifest to /Users/almond505/Desktop/ETL DBT snowflake airflow/data_pipeline/target/manifest.json
[0m17:17:23.675148 [debug] [MainThread]: Wrote artifact SemanticManifest to /Users/almond505/Desktop/ETL DBT snowflake airflow/data_pipeline/target/semantic_manifest.json
[0m17:17:23.681256 [debug] [MainThread]: Wrote artifact RunExecutionResult to /Users/almond505/Desktop/ETL DBT snowflake airflow/data_pipeline/target/run_results.json
[0m17:17:23.681540 [info ] [MainThread]: 
[0m17:17:23.681889 [info ] [MainThread]: [32mCompleted successfully[0m
[0m17:17:23.682137 [info ] [MainThread]: 
[0m17:17:23.682396 [info ] [MainThread]: Done. PASS=1 WARN=0 ERROR=0 SKIP=0 TOTAL=1
[0m17:17:23.684318 [debug] [MainThread]: Resource report: {"command_name": "run", "command_success": true, "command_wall_clock_time": 2.3234856, "process_in_blocks": "0", "process_kernel_time": 0.265699, "process_mem_max_rss": "139771904", "process_out_blocks": "0", "process_user_time": 1.384945}
[0m17:17:23.684671 [debug] [MainThread]: Command `dbt run` succeeded at 17:17:23.684601 after 2.32 seconds
[0m17:17:23.684987 [debug] [MainThread]: Sending event: {'category': 'dbt', 'action': 'invocation', 'label': 'end', 'context': [<snowplow_tracker.self_describing_json.SelfDescribingJson object at 0x1045d9640>, <snowplow_tracker.self_describing_json.SelfDescribingJson object at 0x1049e3ad0>, <snowplow_tracker.self_describing_json.SelfDescribingJson object at 0x1023d3aa0>]}
[0m17:17:23.685280 [debug] [MainThread]: Flushing usage events
[0m17:17:25.472113 [debug] [MainThread]: An error was encountered while trying to flush usage events
[0m17:40:11.767219 [debug] [MainThread]: Sending event: {'category': 'dbt', 'action': 'invocation', 'label': 'start', 'context': [<snowplow_tracker.self_describing_json.SelfDescribingJson object at 0x10589bb30>, <snowplow_tracker.self_describing_json.SelfDescribingJson object at 0x1067c3b30>, <snowplow_tracker.self_describing_json.SelfDescribingJson object at 0x1067c3890>]}


============================== 17:40:11.770196 | fe02658d-a580-4c06-9f9c-1319800be103 ==============================
[0m17:40:11.770196 [info ] [MainThread]: Running with dbt=1.9.4
[0m17:40:11.770576 [debug] [MainThread]: running dbt with arguments {'printer_width': '80', 'indirect_selection': 'eager', 'log_cache_events': 'False', 'write_json': 'True', 'partial_parse': 'True', 'cache_selected_only': 'False', 'warn_error': 'None', 'version_check': 'True', 'profiles_dir': '/Users/almond505/.dbt', 'log_path': '/Users/almond505/Desktop/ETL DBT snowflake airflow/data_pipeline/logs', 'debug': 'False', 'fail_fast': 'False', 'use_colors': 'True', 'use_experimental_parser': 'False', 'no_print': 'None', 'quiet': 'False', 'empty': 'False', 'warn_error_options': 'WarnErrorOptions(include=[], exclude=[])', 'static_parser': 'True', 'introspect': 'True', 'log_format': 'default', 'target_path': 'None', 'invocation_command': 'dbt run -s int_order_items.sql', 'send_anonymous_usage_stats': 'True'}
[0m17:40:12.001695 [debug] [MainThread]: Sending event: {'category': 'dbt', 'action': 'project_id', 'label': 'fe02658d-a580-4c06-9f9c-1319800be103', 'context': [<snowplow_tracker.self_describing_json.SelfDescribingJson object at 0x10631f6e0>]}
[0m17:40:12.027920 [debug] [MainThread]: Sending event: {'category': 'dbt', 'action': 'adapter_info', 'label': 'fe02658d-a580-4c06-9f9c-1319800be103', 'context': [<snowplow_tracker.self_describing_json.SelfDescribingJson object at 0x1067a8950>]}
[0m17:40:12.028575 [info ] [MainThread]: Registered adapter: snowflake=1.9.2
[0m17:40:12.097780 [debug] [MainThread]: checksum: b5597158181700c50f5bc1c71fe28b37a6fb85633dc5323885263678b6bc782c, vars: {}, profile: , target: , version: 1.9.4
[0m17:40:12.175898 [debug] [MainThread]: Partial parsing enabled: 0 files deleted, 2 files added, 0 files changed.
[0m17:40:12.176237 [debug] [MainThread]: Partial parsing: added file: data_pipeline://models/marts/int_order_items.sql
[0m17:40:12.176401 [debug] [MainThread]: Partial parsing: added file: data_pipeline://macros/pricing.sql
[0m17:40:12.299354 [debug] [MainThread]: Sending event: {'category': 'dbt', 'action': 'load_project', 'label': 'fe02658d-a580-4c06-9f9c-1319800be103', 'context': [<snowplow_tracker.self_describing_json.SelfDescribingJson object at 0x107440620>]}
[0m17:40:12.342335 [debug] [MainThread]: Wrote artifact WritableManifest to /Users/almond505/Desktop/ETL DBT snowflake airflow/data_pipeline/target/manifest.json
[0m17:40:12.344045 [debug] [MainThread]: Wrote artifact SemanticManifest to /Users/almond505/Desktop/ETL DBT snowflake airflow/data_pipeline/target/semantic_manifest.json
[0m17:40:12.356994 [debug] [MainThread]: Sending event: {'category': 'dbt', 'action': 'resource_counts', 'label': 'fe02658d-a580-4c06-9f9c-1319800be103', 'context': [<snowplow_tracker.self_describing_json.SelfDescribingJson object at 0x10750cce0>]}
[0m17:40:12.357266 [info ] [MainThread]: Found 3 models, 3 data tests, 2 sources, 589 macros
[0m17:40:12.357441 [debug] [MainThread]: Sending event: {'category': 'dbt', 'action': 'runnable_timing', 'label': 'fe02658d-a580-4c06-9f9c-1319800be103', 'context': [<snowplow_tracker.self_describing_json.SelfDescribingJson object at 0x107442330>]}
[0m17:40:12.358265 [info ] [MainThread]: 
[0m17:40:12.358441 [info ] [MainThread]: Concurrency: 10 threads (target='dev')
[0m17:40:12.358576 [info ] [MainThread]: 
[0m17:40:12.358813 [debug] [MainThread]: Acquiring new snowflake connection 'master'
[0m17:40:12.359227 [debug] [ThreadPool]: Acquiring new snowflake connection 'list_dbt_db'
[0m17:40:12.432450 [debug] [ThreadPool]: Using snowflake connection "list_dbt_db"
[0m17:40:12.432692 [debug] [ThreadPool]: On list_dbt_db: /* {"app": "dbt", "dbt_version": "1.9.4", "profile_name": "data_pipeline", "target_name": "dev", "connection_name": "list_dbt_db"} */
show terse schemas in database dbt_db
    limit 10000
[0m17:40:12.432836 [debug] [ThreadPool]: Opening a new connection, currently in state init
[0m17:40:13.153510 [debug] [ThreadPool]: SQL status: SUCCESS 2 in 0.720 seconds
[0m17:40:13.163455 [debug] [ThreadPool]: Re-using an available connection from the pool (formerly list_dbt_db, now list_dbt_db_dbt_schema)
[0m17:40:13.177033 [debug] [ThreadPool]: Using snowflake connection "list_dbt_db_dbt_schema"
[0m17:40:13.177501 [debug] [ThreadPool]: On list_dbt_db_dbt_schema: /* {"app": "dbt", "dbt_version": "1.9.4", "profile_name": "data_pipeline", "target_name": "dev", "connection_name": "list_dbt_db_dbt_schema"} */
show objects in dbt_db.dbt_schema limit 10000;
[0m17:40:13.334557 [debug] [ThreadPool]: SQL status: SUCCESS 2 in 0.156 seconds
[0m17:40:13.340168 [debug] [MainThread]: Sending event: {'category': 'dbt', 'action': 'runnable_timing', 'label': 'fe02658d-a580-4c06-9f9c-1319800be103', 'context': [<snowplow_tracker.self_describing_json.SelfDescribingJson object at 0x107585eb0>]}
[0m17:40:13.345229 [debug] [Thread-1 (]: Began running node model.data_pipeline.int_order_items
[0m17:40:13.346008 [info ] [Thread-1 (]: 1 of 1 START sql table model dbt_schema.int_order_items ........................ [RUN]
[0m17:40:13.346627 [debug] [Thread-1 (]: Re-using an available connection from the pool (formerly list_dbt_db_dbt_schema, now model.data_pipeline.int_order_items)
[0m17:40:13.347093 [debug] [Thread-1 (]: Began compiling node model.data_pipeline.int_order_items
[0m17:40:13.357658 [debug] [Thread-1 (]: Writing injected SQL for node "model.data_pipeline.int_order_items"
[0m17:40:13.359212 [debug] [Thread-1 (]: Began executing node model.data_pipeline.int_order_items
[0m17:40:13.387548 [debug] [Thread-1 (]: Writing runtime sql for node "model.data_pipeline.int_order_items"
[0m17:40:13.389142 [debug] [Thread-1 (]: Using snowflake connection "model.data_pipeline.int_order_items"
[0m17:40:13.389483 [debug] [Thread-1 (]: On model.data_pipeline.int_order_items: /* {"app": "dbt", "dbt_version": "1.9.4", "profile_name": "data_pipeline", "target_name": "dev", "node_id": "model.data_pipeline.int_order_items"} */
create or replace transient table dbt_db.dbt_schema.int_order_items
         as
        (select
    line_item.order_item_key,
    line_item.part_key,
    line_item.line_number,
    line_item.extended_price,
    orders.order_key,
    orders.customer_key,
    orders.order_date,
    
    (-1 * line_item.extended_price * line_item.discount_percentage)::decimal(16, 2)
 as item_discount_amount
from
    dbt_db.dbt_schema.stg_tpch_orders as orders
join
    dbt_db.dbt_schema.stg_tpch_line_items as line_item
        on orders.order_key = line_item.order_key
order by
    orders.order_date
        );
[0m17:40:17.711542 [debug] [Thread-1 (]: SQL status: SUCCESS 1 in 4.321 seconds
[0m17:40:17.742796 [debug] [Thread-1 (]: Sending event: {'category': 'dbt', 'action': 'run_model', 'label': 'fe02658d-a580-4c06-9f9c-1319800be103', 'context': [<snowplow_tracker.self_describing_json.SelfDescribingJson object at 0x104348110>]}
[0m17:40:17.743522 [info ] [Thread-1 (]: 1 of 1 OK created sql table model dbt_schema.int_order_items ................... [[32mSUCCESS 1[0m in 4.39s]
[0m17:40:17.744095 [debug] [Thread-1 (]: Finished running node model.data_pipeline.int_order_items
[0m17:40:17.745471 [debug] [MainThread]: Connection 'master' was properly closed.
[0m17:40:17.745773 [debug] [MainThread]: Connection 'model.data_pipeline.int_order_items' was left open.
[0m17:40:17.746048 [debug] [MainThread]: On model.data_pipeline.int_order_items: Close
[0m17:40:17.915509 [info ] [MainThread]: 
[0m17:40:17.916674 [info ] [MainThread]: Finished running 1 table model in 0 hours 0 minutes and 5.56 seconds (5.56s).
[0m17:40:17.917978 [debug] [MainThread]: Command end result
[0m17:40:17.951597 [debug] [MainThread]: Wrote artifact WritableManifest to /Users/almond505/Desktop/ETL DBT snowflake airflow/data_pipeline/target/manifest.json
[0m17:40:17.953076 [debug] [MainThread]: Wrote artifact SemanticManifest to /Users/almond505/Desktop/ETL DBT snowflake airflow/data_pipeline/target/semantic_manifest.json
[0m17:40:17.958202 [debug] [MainThread]: Wrote artifact RunExecutionResult to /Users/almond505/Desktop/ETL DBT snowflake airflow/data_pipeline/target/run_results.json
[0m17:40:17.958526 [info ] [MainThread]: 
[0m17:40:17.958900 [info ] [MainThread]: [32mCompleted successfully[0m
[0m17:40:17.959161 [info ] [MainThread]: 
[0m17:40:17.959429 [info ] [MainThread]: Done. PASS=1 WARN=0 ERROR=0 SKIP=0 TOTAL=1
[0m17:40:17.994856 [debug] [MainThread]: Resource report: {"command_name": "run", "command_success": true, "command_wall_clock_time": 6.2702427, "process_in_blocks": "0", "process_kernel_time": 0.262153, "process_mem_max_rss": "140247040", "process_out_blocks": "0", "process_user_time": 1.398141}
[0m17:40:17.995419 [debug] [MainThread]: Command `dbt run` succeeded at 17:40:17.995330 after 6.27 seconds
[0m17:40:17.995776 [debug] [MainThread]: Sending event: {'category': 'dbt', 'action': 'invocation', 'label': 'end', 'context': [<snowplow_tracker.self_describing_json.SelfDescribingJson object at 0x1067c3980>, <snowplow_tracker.self_describing_json.SelfDescribingJson object at 0x106f8aba0>, <snowplow_tracker.self_describing_json.SelfDescribingJson object at 0x1073d95b0>]}
[0m17:40:17.996126 [debug] [MainThread]: Flushing usage events
[0m17:40:19.758032 [debug] [MainThread]: An error was encountered while trying to flush usage events
[0m17:41:36.182116 [debug] [MainThread]: Sending event: {'category': 'dbt', 'action': 'invocation', 'label': 'start', 'context': [<snowplow_tracker.self_describing_json.SelfDescribingJson object at 0x108dbb560>, <snowplow_tracker.self_describing_json.SelfDescribingJson object at 0x1093fb9e0>, <snowplow_tracker.self_describing_json.SelfDescribingJson object at 0x1093fb740>]}


============================== 17:41:36.185238 | a70445fd-7738-43af-9c4f-9da7b09f7d6a ==============================
[0m17:41:36.185238 [info ] [MainThread]: Running with dbt=1.9.4
[0m17:41:36.185568 [debug] [MainThread]: running dbt with arguments {'printer_width': '80', 'indirect_selection': 'eager', 'log_cache_events': 'False', 'write_json': 'True', 'partial_parse': 'True', 'cache_selected_only': 'False', 'profiles_dir': '/Users/almond505/.dbt', 'debug': 'False', 'version_check': 'True', 'log_path': '/Users/almond505/Desktop/ETL DBT snowflake airflow/data_pipeline/logs', 'fail_fast': 'False', 'warn_error': 'None', 'use_colors': 'True', 'use_experimental_parser': 'False', 'empty': 'False', 'quiet': 'False', 'no_print': 'None', 'log_format': 'default', 'static_parser': 'True', 'invocation_command': 'dbt run -s int_order_items_summary', 'warn_error_options': 'WarnErrorOptions(include=[], exclude=[])', 'target_path': 'None', 'introspect': 'True', 'send_anonymous_usage_stats': 'True'}
[0m17:41:36.417811 [debug] [MainThread]: Sending event: {'category': 'dbt', 'action': 'project_id', 'label': 'a70445fd-7738-43af-9c4f-9da7b09f7d6a', 'context': [<snowplow_tracker.self_describing_json.SelfDescribingJson object at 0x1094ae630>]}
[0m17:41:36.443873 [debug] [MainThread]: Sending event: {'category': 'dbt', 'action': 'adapter_info', 'label': 'a70445fd-7738-43af-9c4f-9da7b09f7d6a', 'context': [<snowplow_tracker.self_describing_json.SelfDescribingJson object at 0x109b2d8b0>]}
[0m17:41:36.444443 [info ] [MainThread]: Registered adapter: snowflake=1.9.2
[0m17:41:36.515131 [debug] [MainThread]: checksum: b5597158181700c50f5bc1c71fe28b37a6fb85633dc5323885263678b6bc782c, vars: {}, profile: , target: , version: 1.9.4
[0m17:41:36.591481 [debug] [MainThread]: Partial parsing enabled: 0 files deleted, 1 files added, 0 files changed.
[0m17:41:36.591802 [debug] [MainThread]: Partial parsing: added file: data_pipeline://models/marts/int_order_items_summary.sql
[0m17:41:36.711583 [debug] [MainThread]: Sending event: {'category': 'dbt', 'action': 'load_project', 'label': 'a70445fd-7738-43af-9c4f-9da7b09f7d6a', 'context': [<snowplow_tracker.self_describing_json.SelfDescribingJson object at 0x10a2bc1a0>]}
[0m17:41:36.752998 [debug] [MainThread]: Wrote artifact WritableManifest to /Users/almond505/Desktop/ETL DBT snowflake airflow/data_pipeline/target/manifest.json
[0m17:41:36.754642 [debug] [MainThread]: Wrote artifact SemanticManifest to /Users/almond505/Desktop/ETL DBT snowflake airflow/data_pipeline/target/semantic_manifest.json
[0m17:41:36.766951 [debug] [MainThread]: Sending event: {'category': 'dbt', 'action': 'resource_counts', 'label': 'a70445fd-7738-43af-9c4f-9da7b09f7d6a', 'context': [<snowplow_tracker.self_describing_json.SelfDescribingJson object at 0x10a26e8d0>]}
[0m17:41:36.767217 [info ] [MainThread]: Found 4 models, 3 data tests, 2 sources, 589 macros
[0m17:41:36.767390 [debug] [MainThread]: Sending event: {'category': 'dbt', 'action': 'runnable_timing', 'label': 'a70445fd-7738-43af-9c4f-9da7b09f7d6a', 'context': [<snowplow_tracker.self_describing_json.SelfDescribingJson object at 0x10a1712b0>]}
[0m17:41:36.768108 [info ] [MainThread]: 
[0m17:41:36.768278 [info ] [MainThread]: Concurrency: 10 threads (target='dev')
[0m17:41:36.768410 [info ] [MainThread]: 
[0m17:41:36.768645 [debug] [MainThread]: Acquiring new snowflake connection 'master'
[0m17:41:36.769049 [debug] [ThreadPool]: Acquiring new snowflake connection 'list_dbt_db'
[0m17:41:36.831056 [debug] [ThreadPool]: Using snowflake connection "list_dbt_db"
[0m17:41:36.831282 [debug] [ThreadPool]: On list_dbt_db: /* {"app": "dbt", "dbt_version": "1.9.4", "profile_name": "data_pipeline", "target_name": "dev", "connection_name": "list_dbt_db"} */
show terse schemas in database dbt_db
    limit 10000
[0m17:41:36.831425 [debug] [ThreadPool]: Opening a new connection, currently in state init
[0m17:41:37.656727 [debug] [ThreadPool]: SQL status: SUCCESS 2 in 0.825 seconds
[0m17:41:37.667081 [debug] [ThreadPool]: Re-using an available connection from the pool (formerly list_dbt_db, now list_dbt_db_dbt_schema)
[0m17:41:37.679430 [debug] [ThreadPool]: Using snowflake connection "list_dbt_db_dbt_schema"
[0m17:41:37.679862 [debug] [ThreadPool]: On list_dbt_db_dbt_schema: /* {"app": "dbt", "dbt_version": "1.9.4", "profile_name": "data_pipeline", "target_name": "dev", "connection_name": "list_dbt_db_dbt_schema"} */
show objects in dbt_db.dbt_schema limit 10000;
[0m17:41:37.802853 [debug] [ThreadPool]: SQL status: SUCCESS 3 in 0.122 seconds
[0m17:41:37.809652 [debug] [MainThread]: Sending event: {'category': 'dbt', 'action': 'runnable_timing', 'label': 'a70445fd-7738-43af-9c4f-9da7b09f7d6a', 'context': [<snowplow_tracker.self_describing_json.SelfDescribingJson object at 0x10a5660f0>]}
[0m17:41:37.815427 [debug] [Thread-1 (]: Began running node model.data_pipeline.int_order_items_summary
[0m17:41:37.816231 [info ] [Thread-1 (]: 1 of 1 START sql table model dbt_schema.int_order_items_summary ................ [RUN]
[0m17:41:37.816832 [debug] [Thread-1 (]: Re-using an available connection from the pool (formerly list_dbt_db_dbt_schema, now model.data_pipeline.int_order_items_summary)
[0m17:41:37.817308 [debug] [Thread-1 (]: Began compiling node model.data_pipeline.int_order_items_summary
[0m17:41:37.827916 [debug] [Thread-1 (]: Writing injected SQL for node "model.data_pipeline.int_order_items_summary"
[0m17:41:37.828892 [debug] [Thread-1 (]: Began executing node model.data_pipeline.int_order_items_summary
[0m17:41:37.858605 [debug] [Thread-1 (]: Writing runtime sql for node "model.data_pipeline.int_order_items_summary"
[0m17:41:37.859658 [debug] [Thread-1 (]: Using snowflake connection "model.data_pipeline.int_order_items_summary"
[0m17:41:37.859956 [debug] [Thread-1 (]: On model.data_pipeline.int_order_items_summary: /* {"app": "dbt", "dbt_version": "1.9.4", "profile_name": "data_pipeline", "target_name": "dev", "node_id": "model.data_pipeline.int_order_items_summary"} */
create or replace transient table dbt_db.dbt_schema.int_order_items_summary
         as
        (select 
    order_key,
    sum(extended_price) as gross_item_sales_amount,
    sum(item_discount_amount) as item_discount_amount
from
    dbt_db.dbt_schema.int_order_items
group by
    order_key
        );
[0m17:41:38.897222 [debug] [Thread-1 (]: SQL status: SUCCESS 1 in 1.036 seconds
[0m17:41:38.926847 [debug] [Thread-1 (]: Sending event: {'category': 'dbt', 'action': 'run_model', 'label': 'a70445fd-7738-43af-9c4f-9da7b09f7d6a', 'context': [<snowplow_tracker.self_describing_json.SelfDescribingJson object at 0x107038530>]}
[0m17:41:38.927500 [info ] [Thread-1 (]: 1 of 1 OK created sql table model dbt_schema.int_order_items_summary ........... [[32mSUCCESS 1[0m in 1.11s]
[0m17:41:38.928006 [debug] [Thread-1 (]: Finished running node model.data_pipeline.int_order_items_summary
[0m17:41:38.929167 [debug] [MainThread]: Connection 'master' was properly closed.
[0m17:41:38.929483 [debug] [MainThread]: Connection 'model.data_pipeline.int_order_items_summary' was left open.
[0m17:41:38.929752 [debug] [MainThread]: On model.data_pipeline.int_order_items_summary: Close
[0m17:41:39.110173 [info ] [MainThread]: 
[0m17:41:39.111291 [info ] [MainThread]: Finished running 1 table model in 0 hours 0 minutes and 2.34 seconds (2.34s).
[0m17:41:39.112501 [debug] [MainThread]: Command end result
[0m17:41:39.145791 [debug] [MainThread]: Wrote artifact WritableManifest to /Users/almond505/Desktop/ETL DBT snowflake airflow/data_pipeline/target/manifest.json
[0m17:41:39.147319 [debug] [MainThread]: Wrote artifact SemanticManifest to /Users/almond505/Desktop/ETL DBT snowflake airflow/data_pipeline/target/semantic_manifest.json
[0m17:41:39.152371 [debug] [MainThread]: Wrote artifact RunExecutionResult to /Users/almond505/Desktop/ETL DBT snowflake airflow/data_pipeline/target/run_results.json
[0m17:41:39.152684 [info ] [MainThread]: 
[0m17:41:39.153062 [info ] [MainThread]: [32mCompleted successfully[0m
[0m17:41:39.153307 [info ] [MainThread]: 
[0m17:41:39.153568 [info ] [MainThread]: Done. PASS=1 WARN=0 ERROR=0 SKIP=0 TOTAL=1
[0m17:41:39.155843 [debug] [MainThread]: Resource report: {"command_name": "run", "command_success": true, "command_wall_clock_time": 3.010317, "process_in_blocks": "0", "process_kernel_time": 0.258377, "process_mem_max_rss": "142147584", "process_out_blocks": "0", "process_user_time": 1.373616}
[0m17:41:39.156214 [debug] [MainThread]: Command `dbt run` succeeded at 17:41:39.156141 after 3.01 seconds
[0m17:41:39.156502 [debug] [MainThread]: Sending event: {'category': 'dbt', 'action': 'invocation', 'label': 'end', 'context': [<snowplow_tracker.self_describing_json.SelfDescribingJson object at 0x108b82ff0>, <snowplow_tracker.self_describing_json.SelfDescribingJson object at 0x1070f6a50>, <snowplow_tracker.self_describing_json.SelfDescribingJson object at 0x10a190560>]}
[0m17:41:39.156797 [debug] [MainThread]: Flushing usage events
[0m17:41:40.754840 [debug] [MainThread]: An error was encountered while trying to flush usage events
[0m17:42:38.913054 [debug] [MainThread]: Sending event: {'category': 'dbt', 'action': 'invocation', 'label': 'start', 'context': [<snowplow_tracker.self_describing_json.SelfDescribingJson object at 0x102f0fe90>, <snowplow_tracker.self_describing_json.SelfDescribingJson object at 0x105fffb30>, <snowplow_tracker.self_describing_json.SelfDescribingJson object at 0x105fff860>]}


============================== 17:42:38.916008 | 7312dbc8-a345-41b9-94cb-a2fce6c38b46 ==============================
[0m17:42:38.916008 [info ] [MainThread]: Running with dbt=1.9.4
[0m17:42:38.916381 [debug] [MainThread]: running dbt with arguments {'printer_width': '80', 'indirect_selection': 'eager', 'write_json': 'True', 'log_cache_events': 'False', 'partial_parse': 'True', 'cache_selected_only': 'False', 'warn_error': 'None', 'fail_fast': 'False', 'debug': 'False', 'log_path': '/Users/almond505/Desktop/ETL DBT snowflake airflow/data_pipeline/logs', 'profiles_dir': '/Users/almond505/.dbt', 'version_check': 'True', 'use_colors': 'True', 'use_experimental_parser': 'False', 'empty': 'False', 'quiet': 'False', 'no_print': 'None', 'log_format': 'default', 'static_parser': 'True', 'invocation_command': 'dbt run -s fct_orders', 'warn_error_options': 'WarnErrorOptions(include=[], exclude=[])', 'target_path': 'None', 'introspect': 'True', 'send_anonymous_usage_stats': 'True'}
[0m17:42:39.145904 [debug] [MainThread]: Sending event: {'category': 'dbt', 'action': 'project_id', 'label': '7312dbc8-a345-41b9-94cb-a2fce6c38b46', 'context': [<snowplow_tracker.self_describing_json.SelfDescribingJson object at 0x107223830>]}
[0m17:42:39.172459 [debug] [MainThread]: Sending event: {'category': 'dbt', 'action': 'adapter_info', 'label': '7312dbc8-a345-41b9-94cb-a2fce6c38b46', 'context': [<snowplow_tracker.self_describing_json.SelfDescribingJson object at 0x1034224b0>]}
[0m17:42:39.173107 [info ] [MainThread]: Registered adapter: snowflake=1.9.2
[0m17:42:39.240995 [debug] [MainThread]: checksum: b5597158181700c50f5bc1c71fe28b37a6fb85633dc5323885263678b6bc782c, vars: {}, profile: , target: , version: 1.9.4
[0m17:42:39.316476 [debug] [MainThread]: Partial parsing enabled: 0 files deleted, 1 files added, 0 files changed.
[0m17:42:39.316819 [debug] [MainThread]: Partial parsing: added file: data_pipeline://models/marts/fct_orders.sql
[0m17:42:39.460753 [debug] [MainThread]: Sending event: {'category': 'dbt', 'action': 'load_project', 'label': '7312dbc8-a345-41b9-94cb-a2fce6c38b46', 'context': [<snowplow_tracker.self_describing_json.SelfDescribingJson object at 0x107bac830>]}
[0m17:42:39.501579 [debug] [MainThread]: Wrote artifact WritableManifest to /Users/almond505/Desktop/ETL DBT snowflake airflow/data_pipeline/target/manifest.json
[0m17:42:39.504821 [debug] [MainThread]: Wrote artifact SemanticManifest to /Users/almond505/Desktop/ETL DBT snowflake airflow/data_pipeline/target/semantic_manifest.json
[0m17:42:39.517633 [debug] [MainThread]: Sending event: {'category': 'dbt', 'action': 'resource_counts', 'label': '7312dbc8-a345-41b9-94cb-a2fce6c38b46', 'context': [<snowplow_tracker.self_describing_json.SelfDescribingJson object at 0x107b56a50>]}
[0m17:42:39.517910 [info ] [MainThread]: Found 5 models, 3 data tests, 2 sources, 589 macros
[0m17:42:39.518090 [debug] [MainThread]: Sending event: {'category': 'dbt', 'action': 'runnable_timing', 'label': '7312dbc8-a345-41b9-94cb-a2fce6c38b46', 'context': [<snowplow_tracker.self_describing_json.SelfDescribingJson object at 0x10759fd70>]}
[0m17:42:39.518836 [info ] [MainThread]: 
[0m17:42:39.519012 [info ] [MainThread]: Concurrency: 10 threads (target='dev')
[0m17:42:39.519154 [info ] [MainThread]: 
[0m17:42:39.519398 [debug] [MainThread]: Acquiring new snowflake connection 'master'
[0m17:42:39.519786 [debug] [ThreadPool]: Acquiring new snowflake connection 'list_dbt_db'
[0m17:42:39.584141 [debug] [ThreadPool]: Using snowflake connection "list_dbt_db"
[0m17:42:39.584378 [debug] [ThreadPool]: On list_dbt_db: /* {"app": "dbt", "dbt_version": "1.9.4", "profile_name": "data_pipeline", "target_name": "dev", "connection_name": "list_dbt_db"} */
show terse schemas in database dbt_db
    limit 10000
[0m17:42:39.584523 [debug] [ThreadPool]: Opening a new connection, currently in state init
[0m17:42:40.274772 [debug] [ThreadPool]: SQL status: SUCCESS 2 in 0.690 seconds
[0m17:42:40.287833 [debug] [ThreadPool]: Re-using an available connection from the pool (formerly list_dbt_db, now list_dbt_db_dbt_schema)
[0m17:42:40.295644 [debug] [ThreadPool]: Using snowflake connection "list_dbt_db_dbt_schema"
[0m17:42:40.295904 [debug] [ThreadPool]: On list_dbt_db_dbt_schema: /* {"app": "dbt", "dbt_version": "1.9.4", "profile_name": "data_pipeline", "target_name": "dev", "connection_name": "list_dbt_db_dbt_schema"} */
show objects in dbt_db.dbt_schema limit 10000;
[0m17:42:40.424850 [debug] [ThreadPool]: SQL status: SUCCESS 4 in 0.129 seconds
[0m17:42:40.431764 [debug] [MainThread]: Sending event: {'category': 'dbt', 'action': 'runnable_timing', 'label': '7312dbc8-a345-41b9-94cb-a2fce6c38b46', 'context': [<snowplow_tracker.self_describing_json.SelfDescribingJson object at 0x1074c81a0>]}
[0m17:42:40.436682 [debug] [Thread-1 (]: Began running node model.data_pipeline.fct_orders
[0m17:42:40.437526 [info ] [Thread-1 (]: 1 of 1 START sql table model dbt_schema.fct_orders ............................. [RUN]
[0m17:42:40.438184 [debug] [Thread-1 (]: Re-using an available connection from the pool (formerly list_dbt_db_dbt_schema, now model.data_pipeline.fct_orders)
[0m17:42:40.438674 [debug] [Thread-1 (]: Began compiling node model.data_pipeline.fct_orders
[0m17:42:40.449022 [debug] [Thread-1 (]: Writing injected SQL for node "model.data_pipeline.fct_orders"
[0m17:42:40.450182 [debug] [Thread-1 (]: Began executing node model.data_pipeline.fct_orders
[0m17:42:40.478905 [debug] [Thread-1 (]: Writing runtime sql for node "model.data_pipeline.fct_orders"
[0m17:42:40.480097 [debug] [Thread-1 (]: Using snowflake connection "model.data_pipeline.fct_orders"
[0m17:42:40.480423 [debug] [Thread-1 (]: On model.data_pipeline.fct_orders: /* {"app": "dbt", "dbt_version": "1.9.4", "profile_name": "data_pipeline", "target_name": "dev", "node_id": "model.data_pipeline.fct_orders"} */
create or replace transient table dbt_db.dbt_schema.fct_orders
         as
        (select
    orders.*,
    order_item_summary.gross_item_sales_amount,
    order_item_summary.item_discount_amount
from
    dbt_db.dbt_schema.stg_tpch_orders as orders
join
    dbt_db.dbt_schema.int_order_items_summary as order_item_summary
        on orders.order_key = order_item_summary.order_key
order by order_date
        );
[0m17:42:41.900024 [debug] [Thread-1 (]: SQL status: SUCCESS 1 in 1.419 seconds
[0m17:42:41.930436 [debug] [Thread-1 (]: Sending event: {'category': 'dbt', 'action': 'run_model', 'label': '7312dbc8-a345-41b9-94cb-a2fce6c38b46', 'context': [<snowplow_tracker.self_describing_json.SelfDescribingJson object at 0x1031244a0>]}
[0m17:42:41.931222 [info ] [Thread-1 (]: 1 of 1 OK created sql table model dbt_schema.fct_orders ........................ [[32mSUCCESS 1[0m in 1.49s]
[0m17:42:41.931807 [debug] [Thread-1 (]: Finished running node model.data_pipeline.fct_orders
[0m17:42:41.933226 [debug] [MainThread]: Connection 'master' was properly closed.
[0m17:42:41.933597 [debug] [MainThread]: Connection 'model.data_pipeline.fct_orders' was left open.
[0m17:42:41.933908 [debug] [MainThread]: On model.data_pipeline.fct_orders: Close
[0m17:42:42.094309 [info ] [MainThread]: 
[0m17:42:42.095460 [info ] [MainThread]: Finished running 1 table model in 0 hours 0 minutes and 2.57 seconds (2.57s).
[0m17:42:42.096918 [debug] [MainThread]: Command end result
[0m17:42:42.131355 [debug] [MainThread]: Wrote artifact WritableManifest to /Users/almond505/Desktop/ETL DBT snowflake airflow/data_pipeline/target/manifest.json
[0m17:42:42.132874 [debug] [MainThread]: Wrote artifact SemanticManifest to /Users/almond505/Desktop/ETL DBT snowflake airflow/data_pipeline/target/semantic_manifest.json
[0m17:42:42.137672 [debug] [MainThread]: Wrote artifact RunExecutionResult to /Users/almond505/Desktop/ETL DBT snowflake airflow/data_pipeline/target/run_results.json
[0m17:42:42.137969 [info ] [MainThread]: 
[0m17:42:42.138355 [info ] [MainThread]: [32mCompleted successfully[0m
[0m17:42:42.138599 [info ] [MainThread]: 
[0m17:42:42.138872 [info ] [MainThread]: Done. PASS=1 WARN=0 ERROR=0 SKIP=0 TOTAL=1
[0m17:42:42.141231 [debug] [MainThread]: Resource report: {"command_name": "run", "command_success": true, "command_wall_clock_time": 3.2646885, "process_in_blocks": "0", "process_kernel_time": 0.251262, "process_mem_max_rss": "139952128", "process_out_blocks": "0", "process_user_time": 1.353343}
[0m17:42:42.141594 [debug] [MainThread]: Command `dbt run` succeeded at 17:42:42.141524 after 3.27 seconds
[0m17:42:42.141876 [debug] [MainThread]: Sending event: {'category': 'dbt', 'action': 'invocation', 'label': 'end', 'context': [<snowplow_tracker.self_describing_json.SelfDescribingJson object at 0x105857380>, <snowplow_tracker.self_describing_json.SelfDescribingJson object at 0x105fff9b0>, <snowplow_tracker.self_describing_json.SelfDescribingJson object at 0x105fffb30>]}
[0m17:42:42.142155 [debug] [MainThread]: Flushing usage events
[0m17:42:43.594796 [debug] [MainThread]: An error was encountered while trying to flush usage events
[0m17:46:25.524617 [debug] [MainThread]: Sending event: {'category': 'dbt', 'action': 'invocation', 'label': 'start', 'context': [<snowplow_tracker.self_describing_json.SelfDescribingJson object at 0x104bb7530>, <snowplow_tracker.self_describing_json.SelfDescribingJson object at 0x107153aa0>, <snowplow_tracker.self_describing_json.SelfDescribingJson object at 0x107153830>]}


============================== 17:46:25.528029 | 09e958de-8e8e-4509-ad37-34f95e0a0773 ==============================
[0m17:46:25.528029 [info ] [MainThread]: Running with dbt=1.9.4
[0m17:46:25.528424 [debug] [MainThread]: running dbt with arguments {'printer_width': '80', 'indirect_selection': 'eager', 'write_json': 'True', 'log_cache_events': 'False', 'partial_parse': 'True', 'cache_selected_only': 'False', 'warn_error': 'None', 'debug': 'False', 'version_check': 'True', 'log_path': '/Users/almond505/Desktop/ETL DBT snowflake airflow/data_pipeline/logs', 'profiles_dir': '/Users/almond505/.dbt', 'fail_fast': 'False', 'use_colors': 'True', 'use_experimental_parser': 'False', 'no_print': 'None', 'quiet': 'False', 'empty': 'None', 'warn_error_options': 'WarnErrorOptions(include=[], exclude=[])', 'introspect': 'True', 'log_format': 'default', 'static_parser': 'True', 'target_path': 'None', 'invocation_command': 'dbt test', 'send_anonymous_usage_stats': 'True'}
[0m17:46:25.798449 [debug] [MainThread]: Sending event: {'category': 'dbt', 'action': 'project_id', 'label': '09e958de-8e8e-4509-ad37-34f95e0a0773', 'context': [<snowplow_tracker.self_describing_json.SelfDescribingJson object at 0x106febdd0>]}
[0m17:46:25.832614 [debug] [MainThread]: Sending event: {'category': 'dbt', 'action': 'adapter_info', 'label': '09e958de-8e8e-4509-ad37-34f95e0a0773', 'context': [<snowplow_tracker.self_describing_json.SelfDescribingJson object at 0x104bb7530>]}
[0m17:46:25.833454 [info ] [MainThread]: Registered adapter: snowflake=1.9.2
[0m17:46:25.912388 [debug] [MainThread]: checksum: b5597158181700c50f5bc1c71fe28b37a6fb85633dc5323885263678b6bc782c, vars: {}, profile: , target: , version: 1.9.4
[0m17:46:25.995281 [debug] [MainThread]: Partial parsing enabled: 0 files deleted, 1 files added, 0 files changed.
[0m17:46:25.995672 [debug] [MainThread]: Partial parsing: added file: data_pipeline://models/marts/generic_tests.yml
[0m17:46:26.150891 [debug] [MainThread]: Sending event: {'category': 'dbt', 'action': 'load_project', 'label': '09e958de-8e8e-4509-ad37-34f95e0a0773', 'context': [<snowplow_tracker.self_describing_json.SelfDescribingJson object at 0x107f961e0>]}
[0m17:46:26.241160 [debug] [MainThread]: Wrote artifact WritableManifest to /Users/almond505/Desktop/ETL DBT snowflake airflow/data_pipeline/target/manifest.json
[0m17:46:26.242920 [debug] [MainThread]: Wrote artifact SemanticManifest to /Users/almond505/Desktop/ETL DBT snowflake airflow/data_pipeline/target/semantic_manifest.json
[0m17:46:26.304944 [debug] [MainThread]: Sending event: {'category': 'dbt', 'action': 'resource_counts', 'label': '09e958de-8e8e-4509-ad37-34f95e0a0773', 'context': [<snowplow_tracker.self_describing_json.SelfDescribingJson object at 0x107ccf590>]}
[0m17:46:26.305327 [info ] [MainThread]: Found 5 models, 7 data tests, 2 sources, 589 macros
[0m17:46:26.305707 [debug] [MainThread]: Sending event: {'category': 'dbt', 'action': 'runnable_timing', 'label': '09e958de-8e8e-4509-ad37-34f95e0a0773', 'context': [<snowplow_tracker.self_describing_json.SelfDescribingJson object at 0x107fac830>]}
[0m17:46:26.307212 [info ] [MainThread]: 
[0m17:46:26.307447 [info ] [MainThread]: Concurrency: 10 threads (target='dev')
[0m17:46:26.307669 [info ] [MainThread]: 
[0m17:46:26.308013 [debug] [MainThread]: Acquiring new snowflake connection 'master'
[0m17:46:26.311850 [debug] [ThreadPool]: Acquiring new snowflake connection 'list_dbt_db_dbt_schema'
[0m17:46:26.351391 [debug] [ThreadPool]: Using snowflake connection "list_dbt_db_dbt_schema"
[0m17:46:26.351687 [debug] [ThreadPool]: On list_dbt_db_dbt_schema: /* {"app": "dbt", "dbt_version": "1.9.4", "profile_name": "data_pipeline", "target_name": "dev", "connection_name": "list_dbt_db_dbt_schema"} */
show objects in dbt_db.dbt_schema limit 10000;
[0m17:46:26.351860 [debug] [ThreadPool]: Opening a new connection, currently in state init
[0m17:46:27.218800 [debug] [ThreadPool]: SQL status: SUCCESS 5 in 0.867 seconds
[0m17:46:27.223823 [debug] [MainThread]: Sending event: {'category': 'dbt', 'action': 'runnable_timing', 'label': '09e958de-8e8e-4509-ad37-34f95e0a0773', 'context': [<snowplow_tracker.self_describing_json.SelfDescribingJson object at 0x104eb26f0>]}
[0m17:46:27.228159 [debug] [Thread-1 (]: Began running node test.data_pipeline.accepted_values_fct_orders_status_code__P__O__F.2c062f3048
[0m17:46:27.228845 [debug] [Thread-2 (]: Began running node test.data_pipeline.not_null_fct_orders_order_key.6a6f83ab15
[0m17:46:27.229439 [debug] [Thread-3 (]: Began running node test.data_pipeline.relationships_fct_orders_order_key__order_key__ref_stg_tpch_orders_.05b89e79ce
[0m17:46:27.230424 [debug] [Thread-4 (]: Began running node test.data_pipeline.source_not_null_tpch_orders_o_orderkey.ebd571817b
[0m17:46:27.229975 [info ] [Thread-1 (]: 1 of 7 START test accepted_values_fct_orders_status_code__P__O__F .............. [RUN]
[0m17:46:27.231049 [debug] [Thread-5 (]: Began running node test.data_pipeline.source_relationships_tpch_lineitem_l_orderkey__o_orderkey__source_tpch_orders_.f722cb898d
[0m17:46:27.231455 [debug] [Thread-6 (]: Began running node test.data_pipeline.source_unique_tpch_orders_o_orderkey.374f048af2
[0m17:46:27.231837 [debug] [Thread-7 (]: Began running node test.data_pipeline.unique_fct_orders_order_key.f5e7a90273
[0m17:46:27.232238 [info ] [Thread-2 (]: 2 of 7 START test not_null_fct_orders_order_key ................................ [RUN]
[0m17:46:27.232688 [info ] [Thread-3 (]: 3 of 7 START test relationships_fct_orders_order_key__order_key__ref_stg_tpch_orders_  [RUN]
[0m17:46:27.233218 [info ] [Thread-4 (]: 4 of 7 START test source_not_null_tpch_orders_o_orderkey ....................... [RUN]
[0m17:46:27.233809 [debug] [Thread-1 (]: Re-using an available connection from the pool (formerly list_dbt_db_dbt_schema, now test.data_pipeline.accepted_values_fct_orders_status_code__P__O__F.2c062f3048)
[0m17:46:27.234367 [info ] [Thread-5 (]: 5 of 7 START test source_relationships_tpch_lineitem_l_orderkey__o_orderkey__source_tpch_orders_  [RUN]
[0m17:46:27.234856 [info ] [Thread-6 (]: 6 of 7 START test source_unique_tpch_orders_o_orderkey ......................... [RUN]
[0m17:46:27.235340 [info ] [Thread-7 (]: 7 of 7 START test unique_fct_orders_order_key .................................. [RUN]
[0m17:46:27.235941 [debug] [Thread-2 (]: Acquiring new snowflake connection 'test.data_pipeline.not_null_fct_orders_order_key.6a6f83ab15'
[0m17:46:27.236477 [debug] [Thread-3 (]: Acquiring new snowflake connection 'test.data_pipeline.relationships_fct_orders_order_key__order_key__ref_stg_tpch_orders_.05b89e79ce'
[0m17:46:27.236954 [debug] [Thread-4 (]: Acquiring new snowflake connection 'test.data_pipeline.source_not_null_tpch_orders_o_orderkey.ebd571817b'
[0m17:46:27.237345 [debug] [Thread-1 (]: Began compiling node test.data_pipeline.accepted_values_fct_orders_status_code__P__O__F.2c062f3048
[0m17:46:27.237809 [debug] [Thread-5 (]: Acquiring new snowflake connection 'test.data_pipeline.source_relationships_tpch_lineitem_l_orderkey__o_orderkey__source_tpch_orders_.f722cb898d'
[0m17:46:27.238259 [debug] [Thread-6 (]: Acquiring new snowflake connection 'test.data_pipeline.source_unique_tpch_orders_o_orderkey.374f048af2'
[0m17:46:27.238700 [debug] [Thread-7 (]: Acquiring new snowflake connection 'test.data_pipeline.unique_fct_orders_order_key.f5e7a90273'
[0m17:46:27.239133 [debug] [Thread-2 (]: Began compiling node test.data_pipeline.not_null_fct_orders_order_key.6a6f83ab15
[0m17:46:27.239562 [debug] [Thread-3 (]: Began compiling node test.data_pipeline.relationships_fct_orders_order_key__order_key__ref_stg_tpch_orders_.05b89e79ce
[0m17:46:27.239934 [debug] [Thread-4 (]: Began compiling node test.data_pipeline.source_not_null_tpch_orders_o_orderkey.ebd571817b
[0m17:46:27.249737 [debug] [Thread-1 (]: Writing injected SQL for node "test.data_pipeline.accepted_values_fct_orders_status_code__P__O__F.2c062f3048"
[0m17:46:27.250257 [debug] [Thread-5 (]: Began compiling node test.data_pipeline.source_relationships_tpch_lineitem_l_orderkey__o_orderkey__source_tpch_orders_.f722cb898d
[0m17:46:27.250620 [debug] [Thread-6 (]: Began compiling node test.data_pipeline.source_unique_tpch_orders_o_orderkey.374f048af2
[0m17:46:27.250949 [debug] [Thread-7 (]: Began compiling node test.data_pipeline.unique_fct_orders_order_key.f5e7a90273
[0m17:46:27.258711 [debug] [Thread-2 (]: Writing injected SQL for node "test.data_pipeline.not_null_fct_orders_order_key.6a6f83ab15"
[0m17:46:27.262966 [debug] [Thread-3 (]: Writing injected SQL for node "test.data_pipeline.relationships_fct_orders_order_key__order_key__ref_stg_tpch_orders_.05b89e79ce"
[0m17:46:27.265919 [debug] [Thread-4 (]: Writing injected SQL for node "test.data_pipeline.source_not_null_tpch_orders_o_orderkey.ebd571817b"
[0m17:46:27.270147 [debug] [Thread-5 (]: Writing injected SQL for node "test.data_pipeline.source_relationships_tpch_lineitem_l_orderkey__o_orderkey__source_tpch_orders_.f722cb898d"
[0m17:46:27.274863 [debug] [Thread-6 (]: Writing injected SQL for node "test.data_pipeline.source_unique_tpch_orders_o_orderkey.374f048af2"
[0m17:46:27.277684 [debug] [Thread-7 (]: Writing injected SQL for node "test.data_pipeline.unique_fct_orders_order_key.f5e7a90273"
[0m17:46:27.278169 [debug] [Thread-1 (]: Began executing node test.data_pipeline.accepted_values_fct_orders_status_code__P__O__F.2c062f3048
[0m17:46:27.278524 [debug] [Thread-2 (]: Began executing node test.data_pipeline.not_null_fct_orders_order_key.6a6f83ab15
[0m17:46:27.278785 [debug] [Thread-3 (]: Began executing node test.data_pipeline.relationships_fct_orders_order_key__order_key__ref_stg_tpch_orders_.05b89e79ce
[0m17:46:27.279303 [debug] [Thread-5 (]: Began executing node test.data_pipeline.source_relationships_tpch_lineitem_l_orderkey__o_orderkey__source_tpch_orders_.f722cb898d
[0m17:46:27.279700 [debug] [Thread-4 (]: Began executing node test.data_pipeline.source_not_null_tpch_orders_o_orderkey.ebd571817b
[0m17:46:27.279950 [debug] [Thread-6 (]: Began executing node test.data_pipeline.source_unique_tpch_orders_o_orderkey.374f048af2
[0m17:46:27.293773 [debug] [Thread-1 (]: Writing runtime sql for node "test.data_pipeline.accepted_values_fct_orders_status_code__P__O__F.2c062f3048"
[0m17:46:27.294107 [debug] [Thread-7 (]: Began executing node test.data_pipeline.unique_fct_orders_order_key.f5e7a90273
[0m17:46:27.295599 [debug] [Thread-2 (]: Writing runtime sql for node "test.data_pipeline.not_null_fct_orders_order_key.6a6f83ab15"
[0m17:46:27.296897 [debug] [Thread-3 (]: Writing runtime sql for node "test.data_pipeline.relationships_fct_orders_order_key__order_key__ref_stg_tpch_orders_.05b89e79ce"
[0m17:46:27.298022 [debug] [Thread-5 (]: Writing runtime sql for node "test.data_pipeline.source_relationships_tpch_lineitem_l_orderkey__o_orderkey__source_tpch_orders_.f722cb898d"
[0m17:46:27.299241 [debug] [Thread-4 (]: Writing runtime sql for node "test.data_pipeline.source_not_null_tpch_orders_o_orderkey.ebd571817b"
[0m17:46:27.300479 [debug] [Thread-6 (]: Writing runtime sql for node "test.data_pipeline.source_unique_tpch_orders_o_orderkey.374f048af2"
[0m17:46:27.301683 [debug] [Thread-7 (]: Writing runtime sql for node "test.data_pipeline.unique_fct_orders_order_key.f5e7a90273"
[0m17:46:27.302573 [debug] [Thread-3 (]: Using snowflake connection "test.data_pipeline.relationships_fct_orders_order_key__order_key__ref_stg_tpch_orders_.05b89e79ce"
[0m17:46:27.302937 [debug] [Thread-2 (]: Using snowflake connection "test.data_pipeline.not_null_fct_orders_order_key.6a6f83ab15"
[0m17:46:27.303372 [debug] [Thread-1 (]: Using snowflake connection "test.data_pipeline.accepted_values_fct_orders_status_code__P__O__F.2c062f3048"
[0m17:46:27.303769 [debug] [Thread-4 (]: Using snowflake connection "test.data_pipeline.source_not_null_tpch_orders_o_orderkey.ebd571817b"
[0m17:46:27.304336 [debug] [Thread-5 (]: Using snowflake connection "test.data_pipeline.source_relationships_tpch_lineitem_l_orderkey__o_orderkey__source_tpch_orders_.f722cb898d"
[0m17:46:27.304638 [debug] [Thread-3 (]: On test.data_pipeline.relationships_fct_orders_order_key__order_key__ref_stg_tpch_orders_.05b89e79ce: /* {"app": "dbt", "dbt_version": "1.9.4", "profile_name": "data_pipeline", "target_name": "dev", "node_id": "test.data_pipeline.relationships_fct_orders_order_key__order_key__ref_stg_tpch_orders_.05b89e79ce"} */
select
      count(*) as failures,
      count(*) != 0 as should_warn,
      count(*) != 0 as should_error
    from (
      
    
    

with child as (
    select order_key as from_field
    from dbt_db.dbt_schema.fct_orders
    where order_key is not null
),

parent as (
    select order_key as to_field
    from dbt_db.dbt_schema.stg_tpch_orders
)

select
    from_field

from child
left join parent
    on child.from_field = parent.to_field

where parent.to_field is null



      
    ) dbt_internal_test
[0m17:46:27.305144 [debug] [Thread-6 (]: Using snowflake connection "test.data_pipeline.source_unique_tpch_orders_o_orderkey.374f048af2"
[0m17:46:27.305556 [debug] [Thread-7 (]: Using snowflake connection "test.data_pipeline.unique_fct_orders_order_key.f5e7a90273"
[0m17:46:27.305756 [debug] [Thread-2 (]: On test.data_pipeline.not_null_fct_orders_order_key.6a6f83ab15: /* {"app": "dbt", "dbt_version": "1.9.4", "profile_name": "data_pipeline", "target_name": "dev", "node_id": "test.data_pipeline.not_null_fct_orders_order_key.6a6f83ab15"} */
select
      count(*) as failures,
      count(*) != 0 as should_warn,
      count(*) != 0 as should_error
    from (
      
    
    



select order_key
from dbt_db.dbt_schema.fct_orders
where order_key is null



      
    ) dbt_internal_test
[0m17:46:27.305988 [debug] [Thread-1 (]: On test.data_pipeline.accepted_values_fct_orders_status_code__P__O__F.2c062f3048: /* {"app": "dbt", "dbt_version": "1.9.4", "profile_name": "data_pipeline", "target_name": "dev", "node_id": "test.data_pipeline.accepted_values_fct_orders_status_code__P__O__F.2c062f3048"} */
select
      count(*) as failures,
      count(*) != 0 as should_warn,
      count(*) != 0 as should_error
    from (
      
    
    

with all_values as (

    select
        status_code as value_field,
        count(*) as n_records

    from dbt_db.dbt_schema.fct_orders
    group by status_code

)

select *
from all_values
where value_field not in (
    'P','O','F'
)



      
    ) dbt_internal_test
[0m17:46:27.306210 [debug] [Thread-4 (]: On test.data_pipeline.source_not_null_tpch_orders_o_orderkey.ebd571817b: /* {"app": "dbt", "dbt_version": "1.9.4", "profile_name": "data_pipeline", "target_name": "dev", "node_id": "test.data_pipeline.source_not_null_tpch_orders_o_orderkey.ebd571817b"} */
select
      count(*) as failures,
      count(*) != 0 as should_warn,
      count(*) != 0 as should_error
    from (
      
    
    



select o_orderkey
from snowflake_sample_data.tpch_sf1.orders
where o_orderkey is null



      
    ) dbt_internal_test
[0m17:46:27.306414 [debug] [Thread-5 (]: On test.data_pipeline.source_relationships_tpch_lineitem_l_orderkey__o_orderkey__source_tpch_orders_.f722cb898d: /* {"app": "dbt", "dbt_version": "1.9.4", "profile_name": "data_pipeline", "target_name": "dev", "node_id": "test.data_pipeline.source_relationships_tpch_lineitem_l_orderkey__o_orderkey__source_tpch_orders_.f722cb898d"} */
select
      count(*) as failures,
      count(*) != 0 as should_warn,
      count(*) != 0 as should_error
    from (
      
    
    

with child as (
    select l_orderkey as from_field
    from snowflake_sample_data.tpch_sf1.lineitem
    where l_orderkey is not null
),

parent as (
    select o_orderkey as to_field
    from snowflake_sample_data.tpch_sf1.orders
)

select
    from_field

from child
left join parent
    on child.from_field = parent.to_field

where parent.to_field is null



      
    ) dbt_internal_test
[0m17:46:27.306607 [debug] [Thread-3 (]: Opening a new connection, currently in state init
[0m17:46:27.306787 [debug] [Thread-6 (]: On test.data_pipeline.source_unique_tpch_orders_o_orderkey.374f048af2: /* {"app": "dbt", "dbt_version": "1.9.4", "profile_name": "data_pipeline", "target_name": "dev", "node_id": "test.data_pipeline.source_unique_tpch_orders_o_orderkey.374f048af2"} */
select
      count(*) as failures,
      count(*) != 0 as should_warn,
      count(*) != 0 as should_error
    from (
      
    
    

select
    o_orderkey as unique_field,
    count(*) as n_records

from snowflake_sample_data.tpch_sf1.orders
where o_orderkey is not null
group by o_orderkey
having count(*) > 1



      
    ) dbt_internal_test
[0m17:46:27.306973 [debug] [Thread-7 (]: On test.data_pipeline.unique_fct_orders_order_key.f5e7a90273: /* {"app": "dbt", "dbt_version": "1.9.4", "profile_name": "data_pipeline", "target_name": "dev", "node_id": "test.data_pipeline.unique_fct_orders_order_key.f5e7a90273"} */
select
      count(*) as failures,
      count(*) != 0 as should_warn,
      count(*) != 0 as should_error
    from (
      
    
    

select
    order_key as unique_field,
    count(*) as n_records

from dbt_db.dbt_schema.fct_orders
where order_key is not null
group by order_key
having count(*) > 1



      
    ) dbt_internal_test
[0m17:46:27.307144 [debug] [Thread-2 (]: Opening a new connection, currently in state init
[0m17:46:27.307490 [debug] [Thread-4 (]: Opening a new connection, currently in state init
[0m17:46:27.307770 [debug] [Thread-5 (]: Opening a new connection, currently in state init
[0m17:46:27.308599 [debug] [Thread-6 (]: Opening a new connection, currently in state init
[0m17:46:27.309045 [debug] [Thread-7 (]: Opening a new connection, currently in state init
[0m17:46:27.530163 [debug] [Thread-1 (]: SQL status: SUCCESS 1 in 0.223 seconds
[0m17:46:27.541592 [info ] [Thread-1 (]: 1 of 7 PASS accepted_values_fct_orders_status_code__P__O__F .................... [[32mPASS[0m in 0.31s]
[0m17:46:27.542290 [debug] [Thread-1 (]: Finished running node test.data_pipeline.accepted_values_fct_orders_status_code__P__O__F.2c062f3048
[0m17:46:28.001603 [debug] [Thread-2 (]: SQL status: SUCCESS 1 in 0.694 seconds
[0m17:46:28.005638 [info ] [Thread-2 (]: 2 of 7 PASS not_null_fct_orders_order_key ...................................... [[32mPASS[0m in 0.77s]
[0m17:46:28.006802 [debug] [Thread-2 (]: Finished running node test.data_pipeline.not_null_fct_orders_order_key.6a6f83ab15
[0m17:46:28.017499 [debug] [Thread-4 (]: SQL status: SUCCESS 1 in 0.710 seconds
[0m17:46:28.020516 [info ] [Thread-4 (]: 4 of 7 PASS source_not_null_tpch_orders_o_orderkey ............................. [[32mPASS[0m in 0.78s]
[0m17:46:28.021368 [debug] [Thread-4 (]: Finished running node test.data_pipeline.source_not_null_tpch_orders_o_orderkey.ebd571817b
[0m17:46:28.100924 [debug] [Thread-7 (]: SQL status: SUCCESS 1 in 0.791 seconds
[0m17:46:28.106341 [info ] [Thread-7 (]: 7 of 7 PASS unique_fct_orders_order_key ........................................ [[32mPASS[0m in 0.87s]
[0m17:46:28.107937 [debug] [Thread-7 (]: Finished running node test.data_pipeline.unique_fct_orders_order_key.f5e7a90273
[0m17:46:28.502473 [debug] [Thread-3 (]: SQL status: SUCCESS 1 in 1.196 seconds
[0m17:46:28.504292 [debug] [Thread-6 (]: SQL status: SUCCESS 1 in 1.195 seconds
[0m17:46:28.505907 [debug] [Thread-5 (]: SQL status: SUCCESS 1 in 1.198 seconds
[0m17:46:28.509123 [info ] [Thread-3 (]: 3 of 7 PASS relationships_fct_orders_order_key__order_key__ref_stg_tpch_orders_  [[32mPASS[0m in 1.27s]
[0m17:46:28.511783 [info ] [Thread-6 (]: 6 of 7 PASS source_unique_tpch_orders_o_orderkey ............................... [[32mPASS[0m in 1.27s]
[0m17:46:28.514192 [info ] [Thread-5 (]: 5 of 7 PASS source_relationships_tpch_lineitem_l_orderkey__o_orderkey__source_tpch_orders_  [[32mPASS[0m in 1.28s]
[0m17:46:28.515118 [debug] [Thread-3 (]: Finished running node test.data_pipeline.relationships_fct_orders_order_key__order_key__ref_stg_tpch_orders_.05b89e79ce
[0m17:46:28.515979 [debug] [Thread-6 (]: Finished running node test.data_pipeline.source_unique_tpch_orders_o_orderkey.374f048af2
[0m17:46:28.516917 [debug] [Thread-5 (]: Finished running node test.data_pipeline.source_relationships_tpch_lineitem_l_orderkey__o_orderkey__source_tpch_orders_.f722cb898d
[0m17:46:28.518961 [debug] [MainThread]: Connection 'master' was properly closed.
[0m17:46:28.519441 [debug] [MainThread]: Connection 'test.data_pipeline.accepted_values_fct_orders_status_code__P__O__F.2c062f3048' was left open.
[0m17:46:28.519936 [debug] [MainThread]: On test.data_pipeline.accepted_values_fct_orders_status_code__P__O__F.2c062f3048: Close
[0m17:46:28.700977 [debug] [MainThread]: Connection 'test.data_pipeline.not_null_fct_orders_order_key.6a6f83ab15' was left open.
[0m17:46:28.701693 [debug] [MainThread]: On test.data_pipeline.not_null_fct_orders_order_key.6a6f83ab15: Close
[0m17:46:28.877226 [debug] [MainThread]: Connection 'test.data_pipeline.relationships_fct_orders_order_key__order_key__ref_stg_tpch_orders_.05b89e79ce' was left open.
[0m17:46:28.877936 [debug] [MainThread]: On test.data_pipeline.relationships_fct_orders_order_key__order_key__ref_stg_tpch_orders_.05b89e79ce: Close
[0m17:46:29.036687 [debug] [MainThread]: Connection 'test.data_pipeline.source_not_null_tpch_orders_o_orderkey.ebd571817b' was left open.
[0m17:46:29.037363 [debug] [MainThread]: On test.data_pipeline.source_not_null_tpch_orders_o_orderkey.ebd571817b: Close
[0m17:46:29.196136 [debug] [MainThread]: Connection 'test.data_pipeline.source_relationships_tpch_lineitem_l_orderkey__o_orderkey__source_tpch_orders_.f722cb898d' was left open.
[0m17:46:29.196944 [debug] [MainThread]: On test.data_pipeline.source_relationships_tpch_lineitem_l_orderkey__o_orderkey__source_tpch_orders_.f722cb898d: Close
[0m17:46:29.393673 [debug] [MainThread]: Connection 'test.data_pipeline.source_unique_tpch_orders_o_orderkey.374f048af2' was left open.
[0m17:46:29.394467 [debug] [MainThread]: On test.data_pipeline.source_unique_tpch_orders_o_orderkey.374f048af2: Close
[0m17:46:29.556068 [debug] [MainThread]: Connection 'test.data_pipeline.unique_fct_orders_order_key.f5e7a90273' was left open.
[0m17:46:29.556437 [debug] [MainThread]: On test.data_pipeline.unique_fct_orders_order_key.f5e7a90273: Close
[0m17:46:29.710188 [info ] [MainThread]: 
[0m17:46:29.710971 [info ] [MainThread]: Finished running 7 data tests in 0 hours 0 minutes and 3.40 seconds (3.40s).
[0m17:46:29.712576 [debug] [MainThread]: Command end result
[0m17:46:29.740806 [debug] [MainThread]: Wrote artifact WritableManifest to /Users/almond505/Desktop/ETL DBT snowflake airflow/data_pipeline/target/manifest.json
[0m17:46:29.742312 [debug] [MainThread]: Wrote artifact SemanticManifest to /Users/almond505/Desktop/ETL DBT snowflake airflow/data_pipeline/target/semantic_manifest.json
[0m17:46:29.747972 [debug] [MainThread]: Wrote artifact RunExecutionResult to /Users/almond505/Desktop/ETL DBT snowflake airflow/data_pipeline/target/run_results.json
[0m17:46:29.748267 [info ] [MainThread]: 
[0m17:46:29.748557 [info ] [MainThread]: [32mCompleted successfully[0m
[0m17:46:29.748784 [info ] [MainThread]: 
[0m17:46:29.749018 [info ] [MainThread]: Done. PASS=7 WARN=0 ERROR=0 SKIP=0 TOTAL=7
[0m17:46:29.750924 [debug] [MainThread]: Resource report: {"command_name": "test", "command_success": true, "command_wall_clock_time": 4.273237, "process_in_blocks": "0", "process_kernel_time": 0.343676, "process_mem_max_rss": "147374080", "process_out_blocks": "0", "process_user_time": 1.795645}
[0m17:46:29.751308 [debug] [MainThread]: Command `dbt test` succeeded at 17:46:29.751232 after 4.27 seconds
[0m17:46:29.751603 [debug] [MainThread]: Sending event: {'category': 'dbt', 'action': 'invocation', 'label': 'end', 'context': [<snowplow_tracker.self_describing_json.SelfDescribingJson object at 0x106feb200>, <snowplow_tracker.self_describing_json.SelfDescribingJson object at 0x107153aa0>, <snowplow_tracker.self_describing_json.SelfDescribingJson object at 0x107153830>]}
[0m17:46:29.751887 [debug] [MainThread]: Flushing usage events
[0m17:46:31.407033 [debug] [MainThread]: An error was encountered while trying to flush usage events
[0m17:47:04.534680 [debug] [MainThread]: Sending event: {'category': 'dbt', 'action': 'invocation', 'label': 'start', 'context': [<snowplow_tracker.self_describing_json.SelfDescribingJson object at 0x103d0fb60>, <snowplow_tracker.self_describing_json.SelfDescribingJson object at 0x1073b1340>, <snowplow_tracker.self_describing_json.SelfDescribingJson object at 0x1073ff740>]}


============================== 17:47:04.537585 | 1df6b4d3-7af7-4b07-bfa6-6b8c18aaf87f ==============================
[0m17:47:04.537585 [info ] [MainThread]: Running with dbt=1.9.4
[0m17:47:04.537919 [debug] [MainThread]: running dbt with arguments {'printer_width': '80', 'indirect_selection': 'eager', 'write_json': 'True', 'log_cache_events': 'False', 'partial_parse': 'True', 'cache_selected_only': 'False', 'warn_error': 'None', 'fail_fast': 'False', 'profiles_dir': '/Users/almond505/.dbt', 'log_path': '/Users/almond505/Desktop/ETL DBT snowflake airflow/data_pipeline/logs', 'version_check': 'True', 'debug': 'False', 'use_colors': 'True', 'use_experimental_parser': 'False', 'no_print': 'None', 'quiet': 'False', 'empty': 'None', 'log_format': 'default', 'invocation_command': 'dbt test', 'introspect': 'True', 'static_parser': 'True', 'target_path': 'None', 'warn_error_options': 'WarnErrorOptions(include=[], exclude=[])', 'send_anonymous_usage_stats': 'True'}
[0m17:47:04.770013 [debug] [MainThread]: Sending event: {'category': 'dbt', 'action': 'project_id', 'label': '1df6b4d3-7af7-4b07-bfa6-6b8c18aaf87f', 'context': [<snowplow_tracker.self_describing_json.SelfDescribingJson object at 0x107d70620>]}
[0m17:47:04.796132 [debug] [MainThread]: Sending event: {'category': 'dbt', 'action': 'adapter_info', 'label': '1df6b4d3-7af7-4b07-bfa6-6b8c18aaf87f', 'context': [<snowplow_tracker.self_describing_json.SelfDescribingJson object at 0x10742da00>]}
[0m17:47:04.796728 [info ] [MainThread]: Registered adapter: snowflake=1.9.2
[0m17:47:04.865912 [debug] [MainThread]: checksum: b5597158181700c50f5bc1c71fe28b37a6fb85633dc5323885263678b6bc782c, vars: {}, profile: , target: , version: 1.9.4
[0m17:47:04.944849 [debug] [MainThread]: Partial parsing enabled: 0 files deleted, 1 files added, 0 files changed.
[0m17:47:04.945190 [debug] [MainThread]: Partial parsing: added file: data_pipeline://tests/fct_orders_discount.sql
[0m17:47:05.034934 [debug] [MainThread]: Sending event: {'category': 'dbt', 'action': 'load_project', 'label': '1df6b4d3-7af7-4b07-bfa6-6b8c18aaf87f', 'context': [<snowplow_tracker.self_describing_json.SelfDescribingJson object at 0x1084c7740>]}
[0m17:47:05.079564 [debug] [MainThread]: Wrote artifact WritableManifest to /Users/almond505/Desktop/ETL DBT snowflake airflow/data_pipeline/target/manifest.json
[0m17:47:05.081287 [debug] [MainThread]: Wrote artifact SemanticManifest to /Users/almond505/Desktop/ETL DBT snowflake airflow/data_pipeline/target/semantic_manifest.json
[0m17:47:05.102086 [debug] [MainThread]: Sending event: {'category': 'dbt', 'action': 'resource_counts', 'label': '1df6b4d3-7af7-4b07-bfa6-6b8c18aaf87f', 'context': [<snowplow_tracker.self_describing_json.SelfDescribingJson object at 0x10870cf80>]}
[0m17:47:05.102384 [info ] [MainThread]: Found 5 models, 8 data tests, 2 sources, 589 macros
[0m17:47:05.102563 [debug] [MainThread]: Sending event: {'category': 'dbt', 'action': 'runnable_timing', 'label': '1df6b4d3-7af7-4b07-bfa6-6b8c18aaf87f', 'context': [<snowplow_tracker.self_describing_json.SelfDescribingJson object at 0x10847b8f0>]}
[0m17:47:05.103584 [info ] [MainThread]: 
[0m17:47:05.103779 [info ] [MainThread]: Concurrency: 10 threads (target='dev')
[0m17:47:05.103924 [info ] [MainThread]: 
[0m17:47:05.104167 [debug] [MainThread]: Acquiring new snowflake connection 'master'
[0m17:47:05.106344 [debug] [ThreadPool]: Acquiring new snowflake connection 'list_dbt_db_dbt_schema'
[0m17:47:05.170045 [debug] [ThreadPool]: Using snowflake connection "list_dbt_db_dbt_schema"
[0m17:47:05.170288 [debug] [ThreadPool]: On list_dbt_db_dbt_schema: /* {"app": "dbt", "dbt_version": "1.9.4", "profile_name": "data_pipeline", "target_name": "dev", "connection_name": "list_dbt_db_dbt_schema"} */
show objects in dbt_db.dbt_schema limit 10000;
[0m17:47:05.170432 [debug] [ThreadPool]: Opening a new connection, currently in state init
[0m17:47:05.878650 [debug] [ThreadPool]: SQL status: SUCCESS 5 in 0.708 seconds
[0m17:47:05.881476 [debug] [MainThread]: Sending event: {'category': 'dbt', 'action': 'runnable_timing', 'label': '1df6b4d3-7af7-4b07-bfa6-6b8c18aaf87f', 'context': [<snowplow_tracker.self_describing_json.SelfDescribingJson object at 0x108416270>]}
[0m17:47:05.884203 [debug] [Thread-1 (]: Began running node test.data_pipeline.accepted_values_fct_orders_status_code__P__O__F.2c062f3048
[0m17:47:05.884558 [debug] [Thread-2 (]: Began running node test.data_pipeline.fct_orders_discount
[0m17:47:05.885095 [debug] [Thread-3 (]: Began running node test.data_pipeline.not_null_fct_orders_order_key.6a6f83ab15
[0m17:47:05.884860 [info ] [Thread-1 (]: 1 of 8 START test accepted_values_fct_orders_status_code__P__O__F .............. [RUN]
[0m17:47:05.885475 [debug] [Thread-4 (]: Began running node test.data_pipeline.relationships_fct_orders_order_key__order_key__ref_stg_tpch_orders_.05b89e79ce
[0m17:47:05.885942 [debug] [Thread-5 (]: Began running node test.data_pipeline.source_not_null_tpch_orders_o_orderkey.ebd571817b
[0m17:47:05.885735 [info ] [Thread-2 (]: 2 of 8 START test fct_orders_discount .......................................... [RUN]
[0m17:47:05.886255 [debug] [Thread-6 (]: Began running node test.data_pipeline.source_relationships_tpch_lineitem_l_orderkey__o_orderkey__source_tpch_orders_.f722cb898d
[0m17:47:05.886497 [debug] [Thread-7 (]: Began running node test.data_pipeline.source_unique_tpch_orders_o_orderkey.374f048af2
[0m17:47:05.886741 [debug] [Thread-8 (]: Began running node test.data_pipeline.unique_fct_orders_order_key.f5e7a90273
[0m17:47:05.886968 [info ] [Thread-3 (]: 3 of 8 START test not_null_fct_orders_order_key ................................ [RUN]
[0m17:47:05.887301 [debug] [Thread-1 (]: Re-using an available connection from the pool (formerly list_dbt_db_dbt_schema, now test.data_pipeline.accepted_values_fct_orders_status_code__P__O__F.2c062f3048)
[0m17:47:05.887579 [info ] [Thread-4 (]: 4 of 8 START test relationships_fct_orders_order_key__order_key__ref_stg_tpch_orders_  [RUN]
[0m17:47:05.887850 [info ] [Thread-5 (]: 5 of 8 START test source_not_null_tpch_orders_o_orderkey ....................... [RUN]
[0m17:47:05.888197 [debug] [Thread-2 (]: Acquiring new snowflake connection 'test.data_pipeline.fct_orders_discount'
[0m17:47:05.888460 [info ] [Thread-6 (]: 6 of 8 START test source_relationships_tpch_lineitem_l_orderkey__o_orderkey__source_tpch_orders_  [RUN]
[0m17:47:05.888729 [info ] [Thread-7 (]: 7 of 8 START test source_unique_tpch_orders_o_orderkey ......................... [RUN]
[0m17:47:05.888996 [info ] [Thread-8 (]: 8 of 8 START test unique_fct_orders_order_key .................................. [RUN]
[0m17:47:05.889319 [debug] [Thread-3 (]: Acquiring new snowflake connection 'test.data_pipeline.not_null_fct_orders_order_key.6a6f83ab15'
[0m17:47:05.889570 [debug] [Thread-1 (]: Began compiling node test.data_pipeline.accepted_values_fct_orders_status_code__P__O__F.2c062f3048
[0m17:47:05.889873 [debug] [Thread-4 (]: Acquiring new snowflake connection 'test.data_pipeline.relationships_fct_orders_order_key__order_key__ref_stg_tpch_orders_.05b89e79ce'
[0m17:47:05.890162 [debug] [Thread-5 (]: Acquiring new snowflake connection 'test.data_pipeline.source_not_null_tpch_orders_o_orderkey.ebd571817b'
[0m17:47:05.890395 [debug] [Thread-2 (]: Began compiling node test.data_pipeline.fct_orders_discount
[0m17:47:05.890738 [debug] [Thread-6 (]: Acquiring new snowflake connection 'test.data_pipeline.source_relationships_tpch_lineitem_l_orderkey__o_orderkey__source_tpch_orders_.f722cb898d'
[0m17:47:05.891328 [debug] [Thread-7 (]: Acquiring new snowflake connection 'test.data_pipeline.source_unique_tpch_orders_o_orderkey.374f048af2'
[0m17:47:05.891807 [debug] [Thread-8 (]: Acquiring new snowflake connection 'test.data_pipeline.unique_fct_orders_order_key.f5e7a90273'
[0m17:47:05.892188 [debug] [Thread-3 (]: Began compiling node test.data_pipeline.not_null_fct_orders_order_key.6a6f83ab15
[0m17:47:05.904116 [debug] [Thread-1 (]: Writing injected SQL for node "test.data_pipeline.accepted_values_fct_orders_status_code__P__O__F.2c062f3048"
[0m17:47:05.904466 [debug] [Thread-4 (]: Began compiling node test.data_pipeline.relationships_fct_orders_order_key__order_key__ref_stg_tpch_orders_.05b89e79ce
[0m17:47:05.904693 [debug] [Thread-5 (]: Began compiling node test.data_pipeline.source_not_null_tpch_orders_o_orderkey.ebd571817b
[0m17:47:05.906319 [debug] [Thread-2 (]: Writing injected SQL for node "test.data_pipeline.fct_orders_discount"
[0m17:47:05.906583 [debug] [Thread-6 (]: Began compiling node test.data_pipeline.source_relationships_tpch_lineitem_l_orderkey__o_orderkey__source_tpch_orders_.f722cb898d
[0m17:47:05.906796 [debug] [Thread-7 (]: Began compiling node test.data_pipeline.source_unique_tpch_orders_o_orderkey.374f048af2
[0m17:47:05.906999 [debug] [Thread-8 (]: Began compiling node test.data_pipeline.unique_fct_orders_order_key.f5e7a90273
[0m17:47:05.911846 [debug] [Thread-3 (]: Writing injected SQL for node "test.data_pipeline.not_null_fct_orders_order_key.6a6f83ab15"
[0m17:47:05.916603 [debug] [Thread-4 (]: Writing injected SQL for node "test.data_pipeline.relationships_fct_orders_order_key__order_key__ref_stg_tpch_orders_.05b89e79ce"
[0m17:47:05.919499 [debug] [Thread-5 (]: Writing injected SQL for node "test.data_pipeline.source_not_null_tpch_orders_o_orderkey.ebd571817b"
[0m17:47:05.919727 [debug] [Thread-1 (]: Began executing node test.data_pipeline.accepted_values_fct_orders_status_code__P__O__F.2c062f3048
[0m17:47:05.922760 [debug] [Thread-6 (]: Writing injected SQL for node "test.data_pipeline.source_relationships_tpch_lineitem_l_orderkey__o_orderkey__source_tpch_orders_.f722cb898d"
[0m17:47:05.925937 [debug] [Thread-7 (]: Writing injected SQL for node "test.data_pipeline.source_unique_tpch_orders_o_orderkey.374f048af2"
[0m17:47:05.927793 [debug] [Thread-8 (]: Writing injected SQL for node "test.data_pipeline.unique_fct_orders_order_key.f5e7a90273"
[0m17:47:05.928055 [debug] [Thread-2 (]: Began executing node test.data_pipeline.fct_orders_discount
[0m17:47:05.928373 [debug] [Thread-3 (]: Began executing node test.data_pipeline.not_null_fct_orders_order_key.6a6f83ab15
[0m17:47:05.934854 [debug] [Thread-4 (]: Began executing node test.data_pipeline.relationships_fct_orders_order_key__order_key__ref_stg_tpch_orders_.05b89e79ce
[0m17:47:05.938636 [debug] [Thread-1 (]: Writing runtime sql for node "test.data_pipeline.accepted_values_fct_orders_status_code__P__O__F.2c062f3048"
[0m17:47:05.938850 [debug] [Thread-5 (]: Began executing node test.data_pipeline.source_not_null_tpch_orders_o_orderkey.ebd571817b
[0m17:47:05.939260 [debug] [Thread-6 (]: Began executing node test.data_pipeline.source_relationships_tpch_lineitem_l_orderkey__o_orderkey__source_tpch_orders_.f722cb898d
[0m17:47:05.940374 [debug] [Thread-2 (]: Writing runtime sql for node "test.data_pipeline.fct_orders_discount"
[0m17:47:05.940576 [debug] [Thread-7 (]: Began executing node test.data_pipeline.source_unique_tpch_orders_o_orderkey.374f048af2
[0m17:47:05.940744 [debug] [Thread-8 (]: Began executing node test.data_pipeline.unique_fct_orders_order_key.f5e7a90273
[0m17:47:05.941841 [debug] [Thread-3 (]: Writing runtime sql for node "test.data_pipeline.not_null_fct_orders_order_key.6a6f83ab15"
[0m17:47:05.942843 [debug] [Thread-4 (]: Writing runtime sql for node "test.data_pipeline.relationships_fct_orders_order_key__order_key__ref_stg_tpch_orders_.05b89e79ce"
[0m17:47:05.943969 [debug] [Thread-5 (]: Writing runtime sql for node "test.data_pipeline.source_not_null_tpch_orders_o_orderkey.ebd571817b"
[0m17:47:05.945666 [debug] [Thread-6 (]: Writing runtime sql for node "test.data_pipeline.source_relationships_tpch_lineitem_l_orderkey__o_orderkey__source_tpch_orders_.f722cb898d"
[0m17:47:05.946126 [debug] [Thread-1 (]: Using snowflake connection "test.data_pipeline.accepted_values_fct_orders_status_code__P__O__F.2c062f3048"
[0m17:47:05.947218 [debug] [Thread-7 (]: Writing runtime sql for node "test.data_pipeline.source_unique_tpch_orders_o_orderkey.374f048af2"
[0m17:47:05.948222 [debug] [Thread-8 (]: Writing runtime sql for node "test.data_pipeline.unique_fct_orders_order_key.f5e7a90273"
[0m17:47:05.948616 [debug] [Thread-2 (]: Using snowflake connection "test.data_pipeline.fct_orders_discount"
[0m17:47:05.949080 [debug] [Thread-3 (]: Using snowflake connection "test.data_pipeline.not_null_fct_orders_order_key.6a6f83ab15"
[0m17:47:05.949642 [debug] [Thread-4 (]: Using snowflake connection "test.data_pipeline.relationships_fct_orders_order_key__order_key__ref_stg_tpch_orders_.05b89e79ce"
[0m17:47:05.949886 [debug] [Thread-1 (]: On test.data_pipeline.accepted_values_fct_orders_status_code__P__O__F.2c062f3048: /* {"app": "dbt", "dbt_version": "1.9.4", "profile_name": "data_pipeline", "target_name": "dev", "node_id": "test.data_pipeline.accepted_values_fct_orders_status_code__P__O__F.2c062f3048"} */
select
      count(*) as failures,
      count(*) != 0 as should_warn,
      count(*) != 0 as should_error
    from (
      
    
    

with all_values as (

    select
        status_code as value_field,
        count(*) as n_records

    from dbt_db.dbt_schema.fct_orders
    group by status_code

)

select *
from all_values
where value_field not in (
    'P','O','F'
)



      
    ) dbt_internal_test
[0m17:47:05.950223 [debug] [Thread-5 (]: Using snowflake connection "test.data_pipeline.source_not_null_tpch_orders_o_orderkey.ebd571817b"
[0m17:47:05.950739 [debug] [Thread-6 (]: Using snowflake connection "test.data_pipeline.source_relationships_tpch_lineitem_l_orderkey__o_orderkey__source_tpch_orders_.f722cb898d"
[0m17:47:05.951176 [debug] [Thread-7 (]: Using snowflake connection "test.data_pipeline.source_unique_tpch_orders_o_orderkey.374f048af2"
[0m17:47:05.951385 [debug] [Thread-2 (]: On test.data_pipeline.fct_orders_discount: /* {"app": "dbt", "dbt_version": "1.9.4", "profile_name": "data_pipeline", "target_name": "dev", "node_id": "test.data_pipeline.fct_orders_discount"} */
select
      count(*) as failures,
      count(*) != 0 as should_warn,
      count(*) != 0 as should_error
    from (
      select
    *
from
    dbt_db.dbt_schema.fct_orders
where
    item_discount_amount > 0
      
    ) dbt_internal_test
[0m17:47:05.951592 [debug] [Thread-3 (]: On test.data_pipeline.not_null_fct_orders_order_key.6a6f83ab15: /* {"app": "dbt", "dbt_version": "1.9.4", "profile_name": "data_pipeline", "target_name": "dev", "node_id": "test.data_pipeline.not_null_fct_orders_order_key.6a6f83ab15"} */
select
      count(*) as failures,
      count(*) != 0 as should_warn,
      count(*) != 0 as should_error
    from (
      
    
    



select order_key
from dbt_db.dbt_schema.fct_orders
where order_key is null



      
    ) dbt_internal_test
[0m17:47:05.951946 [debug] [Thread-8 (]: Using snowflake connection "test.data_pipeline.unique_fct_orders_order_key.f5e7a90273"
[0m17:47:05.952134 [debug] [Thread-4 (]: On test.data_pipeline.relationships_fct_orders_order_key__order_key__ref_stg_tpch_orders_.05b89e79ce: /* {"app": "dbt", "dbt_version": "1.9.4", "profile_name": "data_pipeline", "target_name": "dev", "node_id": "test.data_pipeline.relationships_fct_orders_order_key__order_key__ref_stg_tpch_orders_.05b89e79ce"} */
select
      count(*) as failures,
      count(*) != 0 as should_warn,
      count(*) != 0 as should_error
    from (
      
    
    

with child as (
    select order_key as from_field
    from dbt_db.dbt_schema.fct_orders
    where order_key is not null
),

parent as (
    select order_key as to_field
    from dbt_db.dbt_schema.stg_tpch_orders
)

select
    from_field

from child
left join parent
    on child.from_field = parent.to_field

where parent.to_field is null



      
    ) dbt_internal_test
[0m17:47:05.952501 [debug] [Thread-5 (]: On test.data_pipeline.source_not_null_tpch_orders_o_orderkey.ebd571817b: /* {"app": "dbt", "dbt_version": "1.9.4", "profile_name": "data_pipeline", "target_name": "dev", "node_id": "test.data_pipeline.source_not_null_tpch_orders_o_orderkey.ebd571817b"} */
select
      count(*) as failures,
      count(*) != 0 as should_warn,
      count(*) != 0 as should_error
    from (
      
    
    



select o_orderkey
from snowflake_sample_data.tpch_sf1.orders
where o_orderkey is null



      
    ) dbt_internal_test
[0m17:47:05.952825 [debug] [Thread-6 (]: On test.data_pipeline.source_relationships_tpch_lineitem_l_orderkey__o_orderkey__source_tpch_orders_.f722cb898d: /* {"app": "dbt", "dbt_version": "1.9.4", "profile_name": "data_pipeline", "target_name": "dev", "node_id": "test.data_pipeline.source_relationships_tpch_lineitem_l_orderkey__o_orderkey__source_tpch_orders_.f722cb898d"} */
select
      count(*) as failures,
      count(*) != 0 as should_warn,
      count(*) != 0 as should_error
    from (
      
    
    

with child as (
    select l_orderkey as from_field
    from snowflake_sample_data.tpch_sf1.lineitem
    where l_orderkey is not null
),

parent as (
    select o_orderkey as to_field
    from snowflake_sample_data.tpch_sf1.orders
)

select
    from_field

from child
left join parent
    on child.from_field = parent.to_field

where parent.to_field is null



      
    ) dbt_internal_test
[0m17:47:05.953192 [debug] [Thread-7 (]: On test.data_pipeline.source_unique_tpch_orders_o_orderkey.374f048af2: /* {"app": "dbt", "dbt_version": "1.9.4", "profile_name": "data_pipeline", "target_name": "dev", "node_id": "test.data_pipeline.source_unique_tpch_orders_o_orderkey.374f048af2"} */
select
      count(*) as failures,
      count(*) != 0 as should_warn,
      count(*) != 0 as should_error
    from (
      
    
    

select
    o_orderkey as unique_field,
    count(*) as n_records

from snowflake_sample_data.tpch_sf1.orders
where o_orderkey is not null
group by o_orderkey
having count(*) > 1



      
    ) dbt_internal_test
[0m17:47:05.953423 [debug] [Thread-2 (]: Opening a new connection, currently in state init
[0m17:47:05.953758 [debug] [Thread-3 (]: Opening a new connection, currently in state init
[0m17:47:05.954025 [debug] [Thread-8 (]: On test.data_pipeline.unique_fct_orders_order_key.f5e7a90273: /* {"app": "dbt", "dbt_version": "1.9.4", "profile_name": "data_pipeline", "target_name": "dev", "node_id": "test.data_pipeline.unique_fct_orders_order_key.f5e7a90273"} */
select
      count(*) as failures,
      count(*) != 0 as should_warn,
      count(*) != 0 as should_error
    from (
      
    
    

select
    order_key as unique_field,
    count(*) as n_records

from dbt_db.dbt_schema.fct_orders
where order_key is not null
group by order_key
having count(*) > 1



      
    ) dbt_internal_test
[0m17:47:05.954222 [debug] [Thread-4 (]: Opening a new connection, currently in state init
[0m17:47:05.954431 [debug] [Thread-5 (]: Opening a new connection, currently in state init
[0m17:47:05.954593 [debug] [Thread-6 (]: Opening a new connection, currently in state init
[0m17:47:05.954746 [debug] [Thread-7 (]: Opening a new connection, currently in state init
[0m17:47:05.955833 [debug] [Thread-8 (]: Opening a new connection, currently in state init
[0m17:47:06.103460 [debug] [Thread-1 (]: SQL status: SUCCESS 1 in 0.151 seconds
[0m17:47:06.111163 [info ] [Thread-1 (]: 1 of 8 PASS accepted_values_fct_orders_status_code__P__O__F .................... [[32mPASS[0m in 0.22s]
[0m17:47:06.111652 [debug] [Thread-1 (]: Finished running node test.data_pipeline.accepted_values_fct_orders_status_code__P__O__F.2c062f3048
[0m17:47:06.501957 [debug] [Thread-8 (]: SQL status: SUCCESS 1 in 0.546 seconds
[0m17:47:06.503946 [info ] [Thread-8 (]: 8 of 8 PASS unique_fct_orders_order_key ........................................ [[32mPASS[0m in 0.61s]
[0m17:47:06.504892 [debug] [Thread-8 (]: Finished running node test.data_pipeline.unique_fct_orders_order_key.f5e7a90273
[0m17:47:06.508080 [debug] [Thread-6 (]: SQL status: SUCCESS 1 in 0.553 seconds
[0m17:47:06.512418 [info ] [Thread-6 (]: 6 of 8 PASS source_relationships_tpch_lineitem_l_orderkey__o_orderkey__source_tpch_orders_  [[32mPASS[0m in 0.62s]
[0m17:47:06.514998 [debug] [Thread-6 (]: Finished running node test.data_pipeline.source_relationships_tpch_lineitem_l_orderkey__o_orderkey__source_tpch_orders_.f722cb898d
[0m17:47:06.516481 [debug] [Thread-3 (]: SQL status: SUCCESS 1 in 0.563 seconds
[0m17:47:06.516990 [debug] [Thread-2 (]: SQL status: SUCCESS 1 in 0.564 seconds
[0m17:47:06.517909 [debug] [Thread-4 (]: SQL status: SUCCESS 1 in 0.564 seconds
[0m17:47:06.519349 [info ] [Thread-3 (]: 3 of 8 PASS not_null_fct_orders_order_key ...................................... [[32mPASS[0m in 0.63s]
[0m17:47:06.520605 [info ] [Thread-2 (]: 2 of 8 PASS fct_orders_discount ................................................ [[32mPASS[0m in 0.63s]
[0m17:47:06.521812 [info ] [Thread-4 (]: 4 of 8 PASS relationships_fct_orders_order_key__order_key__ref_stg_tpch_orders_  [[32mPASS[0m in 0.63s]
[0m17:47:06.522240 [debug] [Thread-3 (]: Finished running node test.data_pipeline.not_null_fct_orders_order_key.6a6f83ab15
[0m17:47:06.522587 [debug] [Thread-2 (]: Finished running node test.data_pipeline.fct_orders_discount
[0m17:47:06.522909 [debug] [Thread-4 (]: Finished running node test.data_pipeline.relationships_fct_orders_order_key__order_key__ref_stg_tpch_orders_.05b89e79ce
[0m17:47:06.540812 [debug] [Thread-5 (]: SQL status: SUCCESS 1 in 0.586 seconds
[0m17:47:06.542363 [info ] [Thread-5 (]: 5 of 8 PASS source_not_null_tpch_orders_o_orderkey ............................. [[32mPASS[0m in 0.65s]
[0m17:47:06.542788 [debug] [Thread-5 (]: Finished running node test.data_pipeline.source_not_null_tpch_orders_o_orderkey.ebd571817b
[0m17:47:06.543545 [debug] [Thread-7 (]: SQL status: SUCCESS 1 in 0.589 seconds
[0m17:47:06.544732 [info ] [Thread-7 (]: 7 of 8 PASS source_unique_tpch_orders_o_orderkey ............................... [[32mPASS[0m in 0.65s]
[0m17:47:06.545094 [debug] [Thread-7 (]: Finished running node test.data_pipeline.source_unique_tpch_orders_o_orderkey.374f048af2
[0m17:47:06.546048 [debug] [MainThread]: Connection 'master' was properly closed.
[0m17:47:06.546295 [debug] [MainThread]: Connection 'test.data_pipeline.accepted_values_fct_orders_status_code__P__O__F.2c062f3048' was left open.
[0m17:47:06.546503 [debug] [MainThread]: On test.data_pipeline.accepted_values_fct_orders_status_code__P__O__F.2c062f3048: Close
[0m17:47:06.720097 [debug] [MainThread]: Connection 'test.data_pipeline.fct_orders_discount' was left open.
[0m17:47:06.721321 [debug] [MainThread]: On test.data_pipeline.fct_orders_discount: Close
[0m17:47:06.880916 [debug] [MainThread]: Connection 'test.data_pipeline.not_null_fct_orders_order_key.6a6f83ab15' was left open.
[0m17:47:06.882064 [debug] [MainThread]: On test.data_pipeline.not_null_fct_orders_order_key.6a6f83ab15: Close
[0m17:47:07.047406 [debug] [MainThread]: Connection 'test.data_pipeline.relationships_fct_orders_order_key__order_key__ref_stg_tpch_orders_.05b89e79ce' was left open.
[0m17:47:07.048065 [debug] [MainThread]: On test.data_pipeline.relationships_fct_orders_order_key__order_key__ref_stg_tpch_orders_.05b89e79ce: Close
[0m17:47:07.213664 [debug] [MainThread]: Connection 'test.data_pipeline.source_not_null_tpch_orders_o_orderkey.ebd571817b' was left open.
[0m17:47:07.214612 [debug] [MainThread]: On test.data_pipeline.source_not_null_tpch_orders_o_orderkey.ebd571817b: Close
[0m17:47:07.396416 [debug] [MainThread]: Connection 'test.data_pipeline.source_relationships_tpch_lineitem_l_orderkey__o_orderkey__source_tpch_orders_.f722cb898d' was left open.
[0m17:47:07.397663 [debug] [MainThread]: On test.data_pipeline.source_relationships_tpch_lineitem_l_orderkey__o_orderkey__source_tpch_orders_.f722cb898d: Close
[0m17:47:07.585307 [debug] [MainThread]: Connection 'test.data_pipeline.source_unique_tpch_orders_o_orderkey.374f048af2' was left open.
[0m17:47:07.586270 [debug] [MainThread]: On test.data_pipeline.source_unique_tpch_orders_o_orderkey.374f048af2: Close
[0m17:47:07.753548 [debug] [MainThread]: Connection 'test.data_pipeline.unique_fct_orders_order_key.f5e7a90273' was left open.
[0m17:47:07.754453 [debug] [MainThread]: On test.data_pipeline.unique_fct_orders_order_key.f5e7a90273: Close
[0m17:47:07.937913 [info ] [MainThread]: 
[0m17:47:07.938970 [info ] [MainThread]: Finished running 8 data tests in 0 hours 0 minutes and 2.83 seconds (2.83s).
[0m17:47:07.941307 [debug] [MainThread]: Command end result
[0m17:47:07.974249 [debug] [MainThread]: Wrote artifact WritableManifest to /Users/almond505/Desktop/ETL DBT snowflake airflow/data_pipeline/target/manifest.json
[0m17:47:07.975808 [debug] [MainThread]: Wrote artifact SemanticManifest to /Users/almond505/Desktop/ETL DBT snowflake airflow/data_pipeline/target/semantic_manifest.json
[0m17:47:07.981729 [debug] [MainThread]: Wrote artifact RunExecutionResult to /Users/almond505/Desktop/ETL DBT snowflake airflow/data_pipeline/target/run_results.json
[0m17:47:07.982008 [info ] [MainThread]: 
[0m17:47:07.982298 [info ] [MainThread]: [32mCompleted successfully[0m
[0m17:47:07.982527 [info ] [MainThread]: 
[0m17:47:07.982769 [info ] [MainThread]: Done. PASS=8 WARN=0 ERROR=0 SKIP=0 TOTAL=8
[0m17:47:07.984967 [debug] [MainThread]: Resource report: {"command_name": "test", "command_success": true, "command_wall_clock_time": 3.4858923, "process_in_blocks": "0", "process_kernel_time": 0.286351, "process_mem_max_rss": "149749760", "process_out_blocks": "0", "process_user_time": 1.618808}
[0m17:47:07.985346 [debug] [MainThread]: Command `dbt test` succeeded at 17:47:07.985275 after 3.49 seconds
[0m17:47:07.985663 [debug] [MainThread]: Sending event: {'category': 'dbt', 'action': 'invocation', 'label': 'end', 'context': [<snowplow_tracker.self_describing_json.SelfDescribingJson object at 0x1073b1580>, <snowplow_tracker.self_describing_json.SelfDescribingJson object at 0x103d0fb60>, <snowplow_tracker.self_describing_json.SelfDescribingJson object at 0x1073ff9e0>]}
[0m17:47:07.985964 [debug] [MainThread]: Flushing usage events
[0m17:47:09.560743 [debug] [MainThread]: An error was encountered while trying to flush usage events
[0m17:57:20.383551 [debug] [MainThread]: Sending event: {'category': 'dbt', 'action': 'invocation', 'label': 'start', 'context': [<snowplow_tracker.self_describing_json.SelfDescribingJson object at 0x1048f83e0>, <snowplow_tracker.self_describing_json.SelfDescribingJson object at 0x104d9fa70>, <snowplow_tracker.self_describing_json.SelfDescribingJson object at 0x104d9f800>]}


============================== 17:57:20.386562 | 152a127b-ee86-4c53-80d7-c5eeccde8a1f ==============================
[0m17:57:20.386562 [info ] [MainThread]: Running with dbt=1.9.4
[0m17:57:20.386904 [debug] [MainThread]: running dbt with arguments {'printer_width': '80', 'indirect_selection': 'eager', 'write_json': 'True', 'log_cache_events': 'False', 'partial_parse': 'True', 'cache_selected_only': 'False', 'warn_error': 'None', 'debug': 'False', 'profiles_dir': '/Users/almond505/.dbt', 'log_path': '/Users/almond505/Desktop/ETL DBT snowflake airflow/data_pipeline/logs', 'version_check': 'True', 'fail_fast': 'False', 'use_colors': 'True', 'use_experimental_parser': 'False', 'no_print': 'None', 'quiet': 'False', 'empty': 'None', 'log_format': 'default', 'static_parser': 'True', 'warn_error_options': 'WarnErrorOptions(include=[], exclude=[])', 'introspect': 'True', 'target_path': 'None', 'invocation_command': 'dbt test', 'send_anonymous_usage_stats': 'True'}
[0m17:57:20.614944 [debug] [MainThread]: Sending event: {'category': 'dbt', 'action': 'project_id', 'label': '152a127b-ee86-4c53-80d7-c5eeccde8a1f', 'context': [<snowplow_tracker.self_describing_json.SelfDescribingJson object at 0x10553b7d0>]}
[0m17:57:20.641262 [debug] [MainThread]: Sending event: {'category': 'dbt', 'action': 'adapter_info', 'label': '152a127b-ee86-4c53-80d7-c5eeccde8a1f', 'context': [<snowplow_tracker.self_describing_json.SelfDescribingJson object at 0x1042530b0>]}
[0m17:57:20.641880 [info ] [MainThread]: Registered adapter: snowflake=1.9.2
[0m17:57:20.710090 [debug] [MainThread]: checksum: b5597158181700c50f5bc1c71fe28b37a6fb85633dc5323885263678b6bc782c, vars: {}, profile: , target: , version: 1.9.4
[0m17:57:20.790797 [debug] [MainThread]: Partial parsing enabled: 0 files deleted, 1 files added, 0 files changed.
[0m17:57:20.791135 [debug] [MainThread]: Partial parsing: added file: data_pipeline://tests/fct_orders_date_valid.sql
[0m17:57:20.878859 [debug] [MainThread]: Sending event: {'category': 'dbt', 'action': 'load_project', 'label': '152a127b-ee86-4c53-80d7-c5eeccde8a1f', 'context': [<snowplow_tracker.self_describing_json.SelfDescribingJson object at 0x105c615e0>]}
[0m17:57:20.924166 [debug] [MainThread]: Wrote artifact WritableManifest to /Users/almond505/Desktop/ETL DBT snowflake airflow/data_pipeline/target/manifest.json
[0m17:57:20.925742 [debug] [MainThread]: Wrote artifact SemanticManifest to /Users/almond505/Desktop/ETL DBT snowflake airflow/data_pipeline/target/semantic_manifest.json
[0m17:57:20.977502 [debug] [MainThread]: Sending event: {'category': 'dbt', 'action': 'resource_counts', 'label': '152a127b-ee86-4c53-80d7-c5eeccde8a1f', 'context': [<snowplow_tracker.self_describing_json.SelfDescribingJson object at 0x104e5a720>]}
[0m17:57:20.977852 [info ] [MainThread]: Found 5 models, 9 data tests, 2 sources, 589 macros
[0m17:57:20.978033 [debug] [MainThread]: Sending event: {'category': 'dbt', 'action': 'runnable_timing', 'label': '152a127b-ee86-4c53-80d7-c5eeccde8a1f', 'context': [<snowplow_tracker.self_describing_json.SelfDescribingJson object at 0x1050de480>]}
[0m17:57:20.979149 [info ] [MainThread]: 
[0m17:57:20.979332 [info ] [MainThread]: Concurrency: 10 threads (target='dev')
[0m17:57:20.979468 [info ] [MainThread]: 
[0m17:57:20.979701 [debug] [MainThread]: Acquiring new snowflake connection 'master'
[0m17:57:20.981874 [debug] [ThreadPool]: Acquiring new snowflake connection 'list_dbt_db_dbt_schema'
[0m17:57:21.014522 [debug] [ThreadPool]: Using snowflake connection "list_dbt_db_dbt_schema"
[0m17:57:21.014764 [debug] [ThreadPool]: On list_dbt_db_dbt_schema: /* {"app": "dbt", "dbt_version": "1.9.4", "profile_name": "data_pipeline", "target_name": "dev", "connection_name": "list_dbt_db_dbt_schema"} */
show objects in dbt_db.dbt_schema limit 10000;
[0m17:57:21.014915 [debug] [ThreadPool]: Opening a new connection, currently in state init
[0m17:57:22.180219 [debug] [ThreadPool]: SQL status: SUCCESS 5 in 1.165 seconds
[0m17:57:22.185617 [debug] [MainThread]: Sending event: {'category': 'dbt', 'action': 'runnable_timing', 'label': '152a127b-ee86-4c53-80d7-c5eeccde8a1f', 'context': [<snowplow_tracker.self_describing_json.SelfDescribingJson object at 0x1060d5820>]}
[0m17:57:22.190024 [debug] [Thread-1 (]: Began running node test.data_pipeline.accepted_values_fct_orders_status_code__P__O__F.2c062f3048
[0m17:57:22.190639 [debug] [Thread-2 (]: Began running node test.data_pipeline.fct_orders_date_valid
[0m17:57:22.191171 [debug] [Thread-3 (]: Began running node test.data_pipeline.fct_orders_discount
[0m17:57:22.191701 [debug] [Thread-4 (]: Began running node test.data_pipeline.not_null_fct_orders_order_key.6a6f83ab15
[0m17:57:22.192604 [debug] [Thread-5 (]: Began running node test.data_pipeline.relationships_fct_orders_order_key__order_key__ref_stg_tpch_orders_.05b89e79ce
[0m17:57:22.192190 [info ] [Thread-1 (]: 1 of 9 START test accepted_values_fct_orders_status_code__P__O__F .............. [RUN]
[0m17:57:22.193177 [debug] [Thread-6 (]: Began running node test.data_pipeline.source_not_null_tpch_orders_o_orderkey.ebd571817b
[0m17:57:22.193629 [debug] [Thread-7 (]: Began running node test.data_pipeline.source_relationships_tpch_lineitem_l_orderkey__o_orderkey__source_tpch_orders_.f722cb898d
[0m17:57:22.194077 [debug] [Thread-8 (]: Began running node test.data_pipeline.source_unique_tpch_orders_o_orderkey.374f048af2
[0m17:57:22.194452 [debug] [Thread-9 (]: Began running node test.data_pipeline.unique_fct_orders_order_key.f5e7a90273
[0m17:57:22.194804 [info ] [Thread-2 (]: 2 of 9 START test fct_orders_date_valid ........................................ [RUN]
[0m17:57:22.195329 [info ] [Thread-3 (]: 3 of 9 START test fct_orders_discount .......................................... [RUN]
[0m17:57:22.195882 [info ] [Thread-4 (]: 4 of 9 START test not_null_fct_orders_order_key ................................ [RUN]
[0m17:57:22.196405 [info ] [Thread-5 (]: 5 of 9 START test relationships_fct_orders_order_key__order_key__ref_stg_tpch_orders_  [RUN]
[0m17:57:22.196942 [debug] [Thread-1 (]: Re-using an available connection from the pool (formerly list_dbt_db_dbt_schema, now test.data_pipeline.accepted_values_fct_orders_status_code__P__O__F.2c062f3048)
[0m17:57:22.197352 [info ] [Thread-6 (]: 6 of 9 START test source_not_null_tpch_orders_o_orderkey ....................... [RUN]
[0m17:57:22.197882 [info ] [Thread-7 (]: 7 of 9 START test source_relationships_tpch_lineitem_l_orderkey__o_orderkey__source_tpch_orders_  [RUN]
[0m17:57:22.198393 [info ] [Thread-8 (]: 8 of 9 START test source_unique_tpch_orders_o_orderkey ......................... [RUN]
[0m17:57:22.198954 [info ] [Thread-9 (]: 9 of 9 START test unique_fct_orders_order_key .................................. [RUN]
[0m17:57:22.199826 [debug] [Thread-2 (]: Acquiring new snowflake connection 'test.data_pipeline.fct_orders_date_valid'
[0m17:57:22.200371 [debug] [Thread-3 (]: Acquiring new snowflake connection 'test.data_pipeline.fct_orders_discount'
[0m17:57:22.200866 [debug] [Thread-4 (]: Acquiring new snowflake connection 'test.data_pipeline.not_null_fct_orders_order_key.6a6f83ab15'
[0m17:57:22.201345 [debug] [Thread-5 (]: Acquiring new snowflake connection 'test.data_pipeline.relationships_fct_orders_order_key__order_key__ref_stg_tpch_orders_.05b89e79ce'
[0m17:57:22.201743 [debug] [Thread-1 (]: Began compiling node test.data_pipeline.accepted_values_fct_orders_status_code__P__O__F.2c062f3048
[0m17:57:22.202217 [debug] [Thread-6 (]: Acquiring new snowflake connection 'test.data_pipeline.source_not_null_tpch_orders_o_orderkey.ebd571817b'
[0m17:57:22.202680 [debug] [Thread-7 (]: Acquiring new snowflake connection 'test.data_pipeline.source_relationships_tpch_lineitem_l_orderkey__o_orderkey__source_tpch_orders_.f722cb898d'
[0m17:57:22.203125 [debug] [Thread-8 (]: Acquiring new snowflake connection 'test.data_pipeline.source_unique_tpch_orders_o_orderkey.374f048af2'
[0m17:57:22.203754 [debug] [Thread-9 (]: Acquiring new snowflake connection 'test.data_pipeline.unique_fct_orders_order_key.f5e7a90273'
[0m17:57:22.204133 [debug] [Thread-2 (]: Began compiling node test.data_pipeline.fct_orders_date_valid
[0m17:57:22.204492 [debug] [Thread-3 (]: Began compiling node test.data_pipeline.fct_orders_discount
[0m17:57:22.204843 [debug] [Thread-4 (]: Began compiling node test.data_pipeline.not_null_fct_orders_order_key.6a6f83ab15
[0m17:57:22.205199 [debug] [Thread-5 (]: Began compiling node test.data_pipeline.relationships_fct_orders_order_key__order_key__ref_stg_tpch_orders_.05b89e79ce
[0m17:57:22.222218 [debug] [Thread-1 (]: Writing injected SQL for node "test.data_pipeline.accepted_values_fct_orders_status_code__P__O__F.2c062f3048"
[0m17:57:22.222612 [debug] [Thread-6 (]: Began compiling node test.data_pipeline.source_not_null_tpch_orders_o_orderkey.ebd571817b
[0m17:57:22.222959 [debug] [Thread-7 (]: Began compiling node test.data_pipeline.source_relationships_tpch_lineitem_l_orderkey__o_orderkey__source_tpch_orders_.f722cb898d
[0m17:57:22.223261 [debug] [Thread-8 (]: Began compiling node test.data_pipeline.source_unique_tpch_orders_o_orderkey.374f048af2
[0m17:57:22.223532 [debug] [Thread-9 (]: Began compiling node test.data_pipeline.unique_fct_orders_order_key.f5e7a90273
[0m17:57:22.225826 [debug] [Thread-2 (]: Writing injected SQL for node "test.data_pipeline.fct_orders_date_valid"
[0m17:57:22.227780 [debug] [Thread-3 (]: Writing injected SQL for node "test.data_pipeline.fct_orders_discount"
[0m17:57:22.235501 [debug] [Thread-4 (]: Writing injected SQL for node "test.data_pipeline.not_null_fct_orders_order_key.6a6f83ab15"
[0m17:57:22.241004 [debug] [Thread-5 (]: Writing injected SQL for node "test.data_pipeline.relationships_fct_orders_order_key__order_key__ref_stg_tpch_orders_.05b89e79ce"
[0m17:57:22.243709 [debug] [Thread-6 (]: Writing injected SQL for node "test.data_pipeline.source_not_null_tpch_orders_o_orderkey.ebd571817b"
[0m17:57:22.247050 [debug] [Thread-7 (]: Writing injected SQL for node "test.data_pipeline.source_relationships_tpch_lineitem_l_orderkey__o_orderkey__source_tpch_orders_.f722cb898d"
[0m17:57:22.250932 [debug] [Thread-8 (]: Writing injected SQL for node "test.data_pipeline.source_unique_tpch_orders_o_orderkey.374f048af2"
[0m17:57:22.251181 [debug] [Thread-1 (]: Began executing node test.data_pipeline.accepted_values_fct_orders_status_code__P__O__F.2c062f3048
[0m17:57:22.253250 [debug] [Thread-9 (]: Writing injected SQL for node "test.data_pipeline.unique_fct_orders_order_key.f5e7a90273"
[0m17:57:22.253755 [debug] [Thread-2 (]: Began executing node test.data_pipeline.fct_orders_date_valid
[0m17:57:22.254139 [debug] [Thread-4 (]: Began executing node test.data_pipeline.not_null_fct_orders_order_key.6a6f83ab15
[0m17:57:22.254359 [debug] [Thread-5 (]: Began executing node test.data_pipeline.relationships_fct_orders_order_key__order_key__ref_stg_tpch_orders_.05b89e79ce
[0m17:57:22.254572 [debug] [Thread-3 (]: Began executing node test.data_pipeline.fct_orders_discount
[0m17:57:22.254938 [debug] [Thread-7 (]: Began executing node test.data_pipeline.source_relationships_tpch_lineitem_l_orderkey__o_orderkey__source_tpch_orders_.f722cb898d
[0m17:57:22.255120 [debug] [Thread-6 (]: Began executing node test.data_pipeline.source_not_null_tpch_orders_o_orderkey.ebd571817b
[0m17:57:22.266060 [debug] [Thread-1 (]: Writing runtime sql for node "test.data_pipeline.accepted_values_fct_orders_status_code__P__O__F.2c062f3048"
[0m17:57:22.266355 [debug] [Thread-8 (]: Began executing node test.data_pipeline.source_unique_tpch_orders_o_orderkey.374f048af2
[0m17:57:22.267571 [debug] [Thread-2 (]: Writing runtime sql for node "test.data_pipeline.fct_orders_date_valid"
[0m17:57:22.268832 [debug] [Thread-4 (]: Writing runtime sql for node "test.data_pipeline.not_null_fct_orders_order_key.6a6f83ab15"
[0m17:57:22.269015 [debug] [Thread-9 (]: Began executing node test.data_pipeline.unique_fct_orders_order_key.f5e7a90273
[0m17:57:22.270873 [debug] [Thread-5 (]: Writing runtime sql for node "test.data_pipeline.relationships_fct_orders_order_key__order_key__ref_stg_tpch_orders_.05b89e79ce"
[0m17:57:22.271953 [debug] [Thread-3 (]: Writing runtime sql for node "test.data_pipeline.fct_orders_discount"
[0m17:57:22.273040 [debug] [Thread-7 (]: Writing runtime sql for node "test.data_pipeline.source_relationships_tpch_lineitem_l_orderkey__o_orderkey__source_tpch_orders_.f722cb898d"
[0m17:57:22.274067 [debug] [Thread-6 (]: Writing runtime sql for node "test.data_pipeline.source_not_null_tpch_orders_o_orderkey.ebd571817b"
[0m17:57:22.275178 [debug] [Thread-8 (]: Writing runtime sql for node "test.data_pipeline.source_unique_tpch_orders_o_orderkey.374f048af2"
[0m17:57:22.275798 [debug] [Thread-1 (]: Using snowflake connection "test.data_pipeline.accepted_values_fct_orders_status_code__P__O__F.2c062f3048"
[0m17:57:22.276851 [debug] [Thread-9 (]: Writing runtime sql for node "test.data_pipeline.unique_fct_orders_order_key.f5e7a90273"
[0m17:57:22.277306 [debug] [Thread-4 (]: Using snowflake connection "test.data_pipeline.not_null_fct_orders_order_key.6a6f83ab15"
[0m17:57:22.277690 [debug] [Thread-2 (]: Using snowflake connection "test.data_pipeline.fct_orders_date_valid"
[0m17:57:22.278405 [debug] [Thread-5 (]: Using snowflake connection "test.data_pipeline.relationships_fct_orders_order_key__order_key__ref_stg_tpch_orders_.05b89e79ce"
[0m17:57:22.278705 [debug] [Thread-3 (]: Using snowflake connection "test.data_pipeline.fct_orders_discount"
[0m17:57:22.279188 [debug] [Thread-7 (]: Using snowflake connection "test.data_pipeline.source_relationships_tpch_lineitem_l_orderkey__o_orderkey__source_tpch_orders_.f722cb898d"
[0m17:57:22.279422 [debug] [Thread-1 (]: On test.data_pipeline.accepted_values_fct_orders_status_code__P__O__F.2c062f3048: /* {"app": "dbt", "dbt_version": "1.9.4", "profile_name": "data_pipeline", "target_name": "dev", "node_id": "test.data_pipeline.accepted_values_fct_orders_status_code__P__O__F.2c062f3048"} */
select
      count(*) as failures,
      count(*) != 0 as should_warn,
      count(*) != 0 as should_error
    from (
      
    
    

with all_values as (

    select
        status_code as value_field,
        count(*) as n_records

    from dbt_db.dbt_schema.fct_orders
    group by status_code

)

select *
from all_values
where value_field not in (
    'P','O','F'
)



      
    ) dbt_internal_test
[0m17:57:22.279783 [debug] [Thread-6 (]: Using snowflake connection "test.data_pipeline.source_not_null_tpch_orders_o_orderkey.ebd571817b"
[0m17:57:22.280156 [debug] [Thread-8 (]: Using snowflake connection "test.data_pipeline.source_unique_tpch_orders_o_orderkey.374f048af2"
[0m17:57:22.280394 [debug] [Thread-4 (]: On test.data_pipeline.not_null_fct_orders_order_key.6a6f83ab15: /* {"app": "dbt", "dbt_version": "1.9.4", "profile_name": "data_pipeline", "target_name": "dev", "node_id": "test.data_pipeline.not_null_fct_orders_order_key.6a6f83ab15"} */
select
      count(*) as failures,
      count(*) != 0 as should_warn,
      count(*) != 0 as should_error
    from (
      
    
    



select order_key
from dbt_db.dbt_schema.fct_orders
where order_key is null



      
    ) dbt_internal_test
[0m17:57:22.280595 [debug] [Thread-2 (]: On test.data_pipeline.fct_orders_date_valid: /* {"app": "dbt", "dbt_version": "1.9.4", "profile_name": "data_pipeline", "target_name": "dev", "node_id": "test.data_pipeline.fct_orders_date_valid"} */
select
      count(*) as failures,
      count(*) != 0 as should_warn,
      count(*) != 0 as should_error
    from (
      select
    *
from
    dbt_db.dbt_schema.fct_orders
where
    date(order_date) > CURRENT_DATE()
    or date(order_date) < date('1990-01-01')
      
    ) dbt_internal_test
[0m17:57:22.280812 [debug] [Thread-5 (]: On test.data_pipeline.relationships_fct_orders_order_key__order_key__ref_stg_tpch_orders_.05b89e79ce: /* {"app": "dbt", "dbt_version": "1.9.4", "profile_name": "data_pipeline", "target_name": "dev", "node_id": "test.data_pipeline.relationships_fct_orders_order_key__order_key__ref_stg_tpch_orders_.05b89e79ce"} */
select
      count(*) as failures,
      count(*) != 0 as should_warn,
      count(*) != 0 as should_error
    from (
      
    
    

with child as (
    select order_key as from_field
    from dbt_db.dbt_schema.fct_orders
    where order_key is not null
),

parent as (
    select order_key as to_field
    from dbt_db.dbt_schema.stg_tpch_orders
)

select
    from_field

from child
left join parent
    on child.from_field = parent.to_field

where parent.to_field is null



      
    ) dbt_internal_test
[0m17:57:22.281182 [debug] [Thread-9 (]: Using snowflake connection "test.data_pipeline.unique_fct_orders_order_key.f5e7a90273"
[0m17:57:22.281346 [debug] [Thread-3 (]: On test.data_pipeline.fct_orders_discount: /* {"app": "dbt", "dbt_version": "1.9.4", "profile_name": "data_pipeline", "target_name": "dev", "node_id": "test.data_pipeline.fct_orders_discount"} */
select
      count(*) as failures,
      count(*) != 0 as should_warn,
      count(*) != 0 as should_error
    from (
      select
    *
from
    dbt_db.dbt_schema.fct_orders
where
    item_discount_amount > 0
      
    ) dbt_internal_test
[0m17:57:22.281539 [debug] [Thread-7 (]: On test.data_pipeline.source_relationships_tpch_lineitem_l_orderkey__o_orderkey__source_tpch_orders_.f722cb898d: /* {"app": "dbt", "dbt_version": "1.9.4", "profile_name": "data_pipeline", "target_name": "dev", "node_id": "test.data_pipeline.source_relationships_tpch_lineitem_l_orderkey__o_orderkey__source_tpch_orders_.f722cb898d"} */
select
      count(*) as failures,
      count(*) != 0 as should_warn,
      count(*) != 0 as should_error
    from (
      
    
    

with child as (
    select l_orderkey as from_field
    from snowflake_sample_data.tpch_sf1.lineitem
    where l_orderkey is not null
),

parent as (
    select o_orderkey as to_field
    from snowflake_sample_data.tpch_sf1.orders
)

select
    from_field

from child
left join parent
    on child.from_field = parent.to_field

where parent.to_field is null



      
    ) dbt_internal_test
[0m17:57:22.281890 [debug] [Thread-6 (]: On test.data_pipeline.source_not_null_tpch_orders_o_orderkey.ebd571817b: /* {"app": "dbt", "dbt_version": "1.9.4", "profile_name": "data_pipeline", "target_name": "dev", "node_id": "test.data_pipeline.source_not_null_tpch_orders_o_orderkey.ebd571817b"} */
select
      count(*) as failures,
      count(*) != 0 as should_warn,
      count(*) != 0 as should_error
    from (
      
    
    



select o_orderkey
from snowflake_sample_data.tpch_sf1.orders
where o_orderkey is null



      
    ) dbt_internal_test
[0m17:57:22.282202 [debug] [Thread-8 (]: On test.data_pipeline.source_unique_tpch_orders_o_orderkey.374f048af2: /* {"app": "dbt", "dbt_version": "1.9.4", "profile_name": "data_pipeline", "target_name": "dev", "node_id": "test.data_pipeline.source_unique_tpch_orders_o_orderkey.374f048af2"} */
select
      count(*) as failures,
      count(*) != 0 as should_warn,
      count(*) != 0 as should_error
    from (
      
    
    

select
    o_orderkey as unique_field,
    count(*) as n_records

from snowflake_sample_data.tpch_sf1.orders
where o_orderkey is not null
group by o_orderkey
having count(*) > 1



      
    ) dbt_internal_test
[0m17:57:22.282428 [debug] [Thread-4 (]: Opening a new connection, currently in state init
[0m17:57:22.282779 [debug] [Thread-2 (]: Opening a new connection, currently in state init
[0m17:57:22.282988 [debug] [Thread-5 (]: Opening a new connection, currently in state init
[0m17:57:22.283261 [debug] [Thread-9 (]: On test.data_pipeline.unique_fct_orders_order_key.f5e7a90273: /* {"app": "dbt", "dbt_version": "1.9.4", "profile_name": "data_pipeline", "target_name": "dev", "node_id": "test.data_pipeline.unique_fct_orders_order_key.f5e7a90273"} */
select
      count(*) as failures,
      count(*) != 0 as should_warn,
      count(*) != 0 as should_error
    from (
      
    
    

select
    order_key as unique_field,
    count(*) as n_records

from dbt_db.dbt_schema.fct_orders
where order_key is not null
group by order_key
having count(*) > 1



      
    ) dbt_internal_test
[0m17:57:22.283517 [debug] [Thread-3 (]: Opening a new connection, currently in state init
[0m17:57:22.283757 [debug] [Thread-7 (]: Opening a new connection, currently in state init
[0m17:57:22.283937 [debug] [Thread-6 (]: Opening a new connection, currently in state init
[0m17:57:22.284139 [debug] [Thread-8 (]: Opening a new connection, currently in state init
[0m17:57:22.285526 [debug] [Thread-9 (]: Opening a new connection, currently in state init
[0m17:57:22.361372 [debug] [Thread-1 (]: SQL status: SUCCESS 1 in 0.080 seconds
[0m17:57:22.366729 [info ] [Thread-1 (]: 1 of 9 PASS accepted_values_fct_orders_status_code__P__O__F .................... [[32mPASS[0m in 0.17s]
[0m17:57:22.367098 [debug] [Thread-1 (]: Finished running node test.data_pipeline.accepted_values_fct_orders_status_code__P__O__F.2c062f3048
[0m17:57:22.626779 [debug] [Thread-3 (]: SQL status: SUCCESS 1 in 0.343 seconds
[0m17:57:22.629347 [info ] [Thread-3 (]: 3 of 9 PASS fct_orders_discount ................................................ [[32mPASS[0m in 0.43s]
[0m17:57:22.630056 [debug] [Thread-3 (]: Finished running node test.data_pipeline.fct_orders_discount
[0m17:57:22.671733 [debug] [Thread-6 (]: SQL status: SUCCESS 1 in 0.388 seconds
[0m17:57:22.674211 [info ] [Thread-6 (]: 6 of 9 PASS source_not_null_tpch_orders_o_orderkey ............................. [[32mPASS[0m in 0.47s]
[0m17:57:22.674887 [debug] [Thread-6 (]: Finished running node test.data_pipeline.source_not_null_tpch_orders_o_orderkey.ebd571817b
[0m17:57:22.679468 [debug] [Thread-4 (]: SQL status: SUCCESS 1 in 0.397 seconds
[0m17:57:22.681594 [info ] [Thread-4 (]: 4 of 9 PASS not_null_fct_orders_order_key ...................................... [[32mPASS[0m in 0.48s]
[0m17:57:22.682528 [debug] [Thread-4 (]: Finished running node test.data_pipeline.not_null_fct_orders_order_key.6a6f83ab15
[0m17:57:22.690866 [debug] [Thread-5 (]: SQL status: SUCCESS 1 in 0.408 seconds
[0m17:57:22.693252 [info ] [Thread-5 (]: 5 of 9 PASS relationships_fct_orders_order_key__order_key__ref_stg_tpch_orders_  [[32mPASS[0m in 0.49s]
[0m17:57:22.694039 [debug] [Thread-5 (]: Finished running node test.data_pipeline.relationships_fct_orders_order_key__order_key__ref_stg_tpch_orders_.05b89e79ce
[0m17:57:22.695954 [debug] [Thread-8 (]: SQL status: SUCCESS 1 in 0.412 seconds
[0m17:57:22.698392 [info ] [Thread-8 (]: 8 of 9 PASS source_unique_tpch_orders_o_orderkey ............................... [[32mPASS[0m in 0.50s]
[0m17:57:22.699172 [debug] [Thread-8 (]: Finished running node test.data_pipeline.source_unique_tpch_orders_o_orderkey.374f048af2
[0m17:57:22.704459 [debug] [Thread-9 (]: SQL status: SUCCESS 1 in 0.419 seconds
[0m17:57:22.706448 [info ] [Thread-9 (]: 9 of 9 PASS unique_fct_orders_order_key ........................................ [[32mPASS[0m in 0.50s]
[0m17:57:22.706988 [debug] [Thread-9 (]: Finished running node test.data_pipeline.unique_fct_orders_order_key.f5e7a90273
[0m17:57:22.774624 [debug] [Thread-7 (]: SQL status: SUCCESS 1 in 0.491 seconds
[0m17:57:22.777688 [info ] [Thread-7 (]: 7 of 9 PASS source_relationships_tpch_lineitem_l_orderkey__o_orderkey__source_tpch_orders_  [[32mPASS[0m in 0.57s]
[0m17:57:22.778487 [debug] [Thread-7 (]: Finished running node test.data_pipeline.source_relationships_tpch_lineitem_l_orderkey__o_orderkey__source_tpch_orders_.f722cb898d
[0m17:57:23.139393 [debug] [Thread-2 (]: SQL status: SUCCESS 1 in 0.856 seconds
[0m17:57:23.144121 [info ] [Thread-2 (]: 2 of 9 PASS fct_orders_date_valid .............................................. [[32mPASS[0m in 0.94s]
[0m17:57:23.145563 [debug] [Thread-2 (]: Finished running node test.data_pipeline.fct_orders_date_valid
[0m17:57:23.148056 [debug] [MainThread]: Connection 'master' was properly closed.
[0m17:57:23.148518 [debug] [MainThread]: Connection 'test.data_pipeline.accepted_values_fct_orders_status_code__P__O__F.2c062f3048' was left open.
[0m17:57:23.148929 [debug] [MainThread]: On test.data_pipeline.accepted_values_fct_orders_status_code__P__O__F.2c062f3048: Close
[0m17:57:23.261180 [debug] [MainThread]: Connection 'test.data_pipeline.fct_orders_date_valid' was left open.
[0m17:57:23.262141 [debug] [MainThread]: On test.data_pipeline.fct_orders_date_valid: Close
[0m17:57:23.372141 [debug] [MainThread]: Connection 'test.data_pipeline.fct_orders_discount' was left open.
[0m17:57:23.376207 [debug] [MainThread]: On test.data_pipeline.fct_orders_discount: Close
[0m17:57:23.486528 [debug] [MainThread]: Connection 'test.data_pipeline.not_null_fct_orders_order_key.6a6f83ab15' was left open.
[0m17:57:23.487523 [debug] [MainThread]: On test.data_pipeline.not_null_fct_orders_order_key.6a6f83ab15: Close
[0m17:57:23.590676 [debug] [MainThread]: Connection 'test.data_pipeline.relationships_fct_orders_order_key__order_key__ref_stg_tpch_orders_.05b89e79ce' was left open.
[0m17:57:23.591700 [debug] [MainThread]: On test.data_pipeline.relationships_fct_orders_order_key__order_key__ref_stg_tpch_orders_.05b89e79ce: Close
[0m17:57:23.695290 [debug] [MainThread]: Connection 'test.data_pipeline.source_not_null_tpch_orders_o_orderkey.ebd571817b' was left open.
[0m17:57:23.695663 [debug] [MainThread]: On test.data_pipeline.source_not_null_tpch_orders_o_orderkey.ebd571817b: Close
[0m17:57:23.793665 [debug] [MainThread]: Connection 'test.data_pipeline.source_relationships_tpch_lineitem_l_orderkey__o_orderkey__source_tpch_orders_.f722cb898d' was left open.
[0m17:57:23.794107 [debug] [MainThread]: On test.data_pipeline.source_relationships_tpch_lineitem_l_orderkey__o_orderkey__source_tpch_orders_.f722cb898d: Close
[0m17:57:23.896803 [debug] [MainThread]: Connection 'test.data_pipeline.source_unique_tpch_orders_o_orderkey.374f048af2' was left open.
[0m17:57:23.897640 [debug] [MainThread]: On test.data_pipeline.source_unique_tpch_orders_o_orderkey.374f048af2: Close
[0m17:57:24.002671 [debug] [MainThread]: Connection 'test.data_pipeline.unique_fct_orders_order_key.f5e7a90273' was left open.
[0m17:57:24.003439 [debug] [MainThread]: On test.data_pipeline.unique_fct_orders_order_key.f5e7a90273: Close
[0m17:57:24.198123 [info ] [MainThread]: 
[0m17:57:24.199025 [info ] [MainThread]: Finished running 9 data tests in 0 hours 0 minutes and 3.22 seconds (3.22s).
[0m17:57:24.201523 [debug] [MainThread]: Command end result
[0m17:57:24.233688 [debug] [MainThread]: Wrote artifact WritableManifest to /Users/almond505/Desktop/ETL DBT snowflake airflow/data_pipeline/target/manifest.json
[0m17:57:24.235228 [debug] [MainThread]: Wrote artifact SemanticManifest to /Users/almond505/Desktop/ETL DBT snowflake airflow/data_pipeline/target/semantic_manifest.json
[0m17:57:24.241533 [debug] [MainThread]: Wrote artifact RunExecutionResult to /Users/almond505/Desktop/ETL DBT snowflake airflow/data_pipeline/target/run_results.json
[0m17:57:24.241861 [info ] [MainThread]: 
[0m17:57:24.242166 [info ] [MainThread]: [32mCompleted successfully[0m
[0m17:57:24.242402 [info ] [MainThread]: 
[0m17:57:24.242643 [info ] [MainThread]: Done. PASS=9 WARN=0 ERROR=0 SKIP=0 TOTAL=9
[0m17:57:24.244674 [debug] [MainThread]: Resource report: {"command_name": "test", "command_success": true, "command_wall_clock_time": 3.9010112, "process_in_blocks": "0", "process_kernel_time": 0.304249, "process_mem_max_rss": "150650880", "process_out_blocks": "0", "process_user_time": 1.691806}
[0m17:57:24.245059 [debug] [MainThread]: Command `dbt test` succeeded at 17:57:24.244984 after 3.90 seconds
[0m17:57:24.245358 [debug] [MainThread]: Sending event: {'category': 'dbt', 'action': 'invocation', 'label': 'end', 'context': [<snowplow_tracker.self_describing_json.SelfDescribingJson object at 0x1048581d0>, <snowplow_tracker.self_describing_json.SelfDescribingJson object at 0x1047661b0>, <snowplow_tracker.self_describing_json.SelfDescribingJson object at 0x1041e9b20>]}
[0m17:57:24.245647 [debug] [MainThread]: Flushing usage events
[0m17:57:26.538492 [debug] [MainThread]: An error was encountered while trying to flush usage events
[0m11:29:38.419577 [debug] [MainThread]: Sending event: {'category': 'dbt', 'action': 'invocation', 'label': 'start', 'context': [<snowplow_tracker.self_describing_json.SelfDescribingJson object at 0x104a9e4e0>, <snowplow_tracker.self_describing_json.SelfDescribingJson object at 0x105babef0>, <snowplow_tracker.self_describing_json.SelfDescribingJson object at 0x105be4440>]}


============================== 11:29:38.423273 | 62c5993f-88c0-40bd-a33e-d7ae403d8a68 ==============================
[0m11:29:38.423273 [info ] [MainThread]: Running with dbt=1.11.0-b3
[0m11:29:38.423622 [debug] [MainThread]: running dbt with arguments {'write_json': 'True', 'quiet': 'False', 'empty': 'False', 'fail_fast': 'False', 'warn_error_options': 'WarnErrorOptionsV2(error=[], warn=[], silence=[])', 'static_parser': 'True', 'printer_width': '80', 'warn_error': 'None', 'use_experimental_parser': 'False', 'log_path': '/Users/almond505/My Files/Almond/Work/Data Engineering - ETL DBT snowflake airflow/dbt-dag/dags/dbt/data_pipeline/logs', 'invocation_command': 'dbt run', 'cache_selected_only': 'False', 'introspect': 'True', 'send_anonymous_usage_stats': 'True', 'profiles_dir': '/Users/almond505/.dbt', 'debug': 'False', 'log_cache_events': 'False', 'version_check': 'True', 'target_path': 'None', 'indirect_selection': 'eager', 'partial_parse': 'True', 'use_colors': 'True', 'log_format': 'default', 'no_print': 'None'}
[0m11:29:40.242920 [debug] [MainThread]: Sending event: {'category': 'dbt', 'action': 'project_id', 'label': '62c5993f-88c0-40bd-a33e-d7ae403d8a68', 'context': [<snowplow_tracker.self_describing_json.SelfDescribingJson object at 0x109bd23c0>]}
[0m11:29:40.272905 [debug] [MainThread]: Sending event: {'category': 'dbt', 'action': 'adapter_info', 'label': '62c5993f-88c0-40bd-a33e-d7ae403d8a68', 'context': [<snowplow_tracker.self_describing_json.SelfDescribingJson object at 0x10984b9e0>]}
[0m11:29:40.273510 [info ] [MainThread]: Registered adapter: snowflake=1.10.2
[0m11:29:40.396363 [debug] [MainThread]: checksum: e63134dccc1251cfb572caf0e4aa952f030c125ee3634f3bf2c0a2e1bb6ae349, vars: {}, profile: , target: , version: 1.11.0b3
[0m11:29:40.452045 [info ] [MainThread]: Unable to do partial parsing because of a version mismatch
[0m11:29:40.452380 [debug] [MainThread]: Sending event: {'category': 'dbt', 'action': 'partial_parser', 'label': '62c5993f-88c0-40bd-a33e-d7ae403d8a68', 'context': [<snowplow_tracker.self_describing_json.SelfDescribingJson object at 0x109f56450>]}
[0m11:29:41.181454 [warn ] [MainThread]: [[33mWARNING[0m][MissingArgumentsPropertyInGenericTestDeprecation]: Deprecated
functionality
Found top-level arguments to test `relationships` defined on 'fct_orders' in
package 'data_pipeline' (models/marts/generic_tests.yml). Arguments to generic
tests should be nested under the `arguments` property.
[0m11:29:41.181811 [debug] [MainThread]: Sending event: {'category': 'dbt', 'action': 'deprecation', 'label': '62c5993f-88c0-40bd-a33e-d7ae403d8a68', 'property_': 'warn', 'context': [<snowplow_tracker.self_describing_json.SelfDescribingJson object at 0x10a10ce90>]}
[0m11:29:41.260388 [debug] [MainThread]: Sending event: {'category': 'dbt', 'action': 'load_project', 'label': '62c5993f-88c0-40bd-a33e-d7ae403d8a68', 'context': [<snowplow_tracker.self_describing_json.SelfDescribingJson object at 0x10a41d130>]}
[0m11:29:41.308344 [debug] [MainThread]: Wrote artifact WritableManifest to /Users/almond505/My Files/Almond/Work/Data Engineering - ETL DBT snowflake airflow/dbt-dag/dags/dbt/data_pipeline/target/manifest.json
[0m11:29:41.309973 [debug] [MainThread]: Wrote artifact SemanticManifest to /Users/almond505/My Files/Almond/Work/Data Engineering - ETL DBT snowflake airflow/dbt-dag/dags/dbt/data_pipeline/target/semantic_manifest.json
[0m11:29:41.323385 [debug] [MainThread]: Sending event: {'category': 'dbt', 'action': 'resource_counts', 'label': '62c5993f-88c0-40bd-a33e-d7ae403d8a68', 'context': [<snowplow_tracker.self_describing_json.SelfDescribingJson object at 0x10a0f1be0>]}
[0m11:29:41.323675 [info ] [MainThread]: Found 5 models, 9 data tests, 2 sources, 607 macros
[0m11:29:41.323858 [debug] [MainThread]: Sending event: {'category': 'dbt', 'action': 'runnable_timing', 'label': '62c5993f-88c0-40bd-a33e-d7ae403d8a68', 'context': [<snowplow_tracker.self_describing_json.SelfDescribingJson object at 0x10a4b7530>]}
[0m11:29:41.324826 [info ] [MainThread]: 
[0m11:29:41.325017 [info ] [MainThread]: Concurrency: 10 threads (target='dev')
[0m11:29:41.325170 [info ] [MainThread]: 
[0m11:29:41.325414 [debug] [MainThread]: Acquiring new snowflake connection 'master'
[0m11:29:41.327594 [debug] [ThreadPool]: Acquiring new snowflake connection 'list_dbt_db'
[0m11:29:41.370482 [debug] [ThreadPool]: Using snowflake connection "list_dbt_db"
[0m11:29:41.370750 [debug] [ThreadPool]: On list_dbt_db: show terse schemas in database dbt_db
    limit 10000
/* {"app": "dbt", "dbt_version": "1.11.0b3", "profile_name": "data_pipeline", "target_name": "dev", "connection_name": "list_dbt_db"} */
[0m11:29:41.370914 [debug] [ThreadPool]: Opening a new connection, currently in state init
[0m11:29:43.368485 [debug] [ThreadPool]: SQL status: SUCCESS 3 in 1.997 seconds
[0m11:29:43.373294 [debug] [ThreadPool]: Re-using an available connection from the pool (formerly list_dbt_db, now list_dbt_db_dbt_schema)
[0m11:29:43.390383 [debug] [ThreadPool]: Using snowflake connection "list_dbt_db_dbt_schema"
[0m11:29:43.390959 [debug] [ThreadPool]: On list_dbt_db_dbt_schema: show objects in dbt_db.dbt_schema
    limit 10000
    

/* {"app": "dbt", "dbt_version": "1.11.0b3", "profile_name": "data_pipeline", "target_name": "dev", "connection_name": "list_dbt_db_dbt_schema"} */;
[0m11:29:43.480742 [debug] [ThreadPool]: SQL status: SUCCESS 0 in 0.089 seconds
[0m11:29:43.489296 [debug] [MainThread]: Sending event: {'category': 'dbt', 'action': 'runnable_timing', 'label': '62c5993f-88c0-40bd-a33e-d7ae403d8a68', 'context': [<snowplow_tracker.self_describing_json.SelfDescribingJson object at 0x109a77d40>]}
[0m11:29:43.500716 [debug] [Thread-1 (]: Began running node model.data_pipeline.stg_tpch_line_items
[0m11:29:43.501801 [debug] [Thread-2 (]: Began running node model.data_pipeline.stg_tpch_orders
[0m11:29:43.503146 [info ] [Thread-1 (]: 1 of 5 START sql view model dbt_schema.stg_tpch_line_items ..................... [RUN]
[0m11:29:43.505103 [info ] [Thread-2 (]: 2 of 5 START sql view model dbt_schema.stg_tpch_orders ......................... [RUN]
[0m11:29:43.506243 [debug] [Thread-1 (]: Re-using an available connection from the pool (formerly list_dbt_db_dbt_schema, now model.data_pipeline.stg_tpch_line_items)
[0m11:29:43.509056 [debug] [Thread-1 (]: Began compiling node model.data_pipeline.stg_tpch_line_items
[0m11:29:43.507754 [debug] [Thread-2 (]: Acquiring new snowflake connection 'model.data_pipeline.stg_tpch_orders'
[0m11:29:43.519820 [debug] [Thread-1 (]: Writing injected SQL for node "model.data_pipeline.stg_tpch_line_items"
[0m11:29:43.525308 [debug] [Thread-2 (]: Began compiling node model.data_pipeline.stg_tpch_orders
[0m11:29:43.532655 [debug] [Thread-2 (]: Writing injected SQL for node "model.data_pipeline.stg_tpch_orders"
[0m11:29:43.533933 [debug] [Thread-1 (]: Began executing node model.data_pipeline.stg_tpch_line_items
[0m11:29:43.534683 [debug] [Thread-2 (]: Began executing node model.data_pipeline.stg_tpch_orders
[0m11:29:43.582460 [debug] [Thread-1 (]: Writing runtime sql for node "model.data_pipeline.stg_tpch_line_items"
[0m11:29:43.585830 [debug] [Thread-2 (]: Writing runtime sql for node "model.data_pipeline.stg_tpch_orders"
[0m11:29:43.587096 [debug] [Thread-1 (]: Using snowflake connection "model.data_pipeline.stg_tpch_line_items"
[0m11:29:43.587510 [debug] [Thread-2 (]: Using snowflake connection "model.data_pipeline.stg_tpch_orders"
[0m11:29:43.587788 [debug] [Thread-1 (]: On model.data_pipeline.stg_tpch_line_items: create or replace   view dbt_db.dbt_schema.stg_tpch_line_items
  
  
  
  
  as (
    select
    md5(cast(coalesce(cast(l_orderkey as TEXT), '_dbt_utils_surrogate_key_null_') || '-' || coalesce(cast(l_linenumber as TEXT), '_dbt_utils_surrogate_key_null_') as TEXT)) as order_item_key,
	l_orderkey as order_key,
	l_partkey as part_key,
	l_linenumber as line_number,
	l_quantity as quantity,
	l_extendedprice as extended_price,
	l_discount as discount_percentage,
	l_tax as tax_rate
from
    snowflake_sample_data.tpch_sf1.lineitem
  )
/* {"app": "dbt", "dbt_version": "1.11.0b3", "profile_name": "data_pipeline", "target_name": "dev", "node_id": "model.data_pipeline.stg_tpch_line_items"} */;
[0m11:29:43.588074 [debug] [Thread-2 (]: On model.data_pipeline.stg_tpch_orders: create or replace   view dbt_db.dbt_schema.stg_tpch_orders
  
  
  
  
  as (
    select
    o_orderkey as order_key,
    o_custkey as customer_key,
    o_orderstatus as status_code,
    o_totalprice as total_price,
    o_orderdate as order_date
from
    snowflake_sample_data.tpch_sf1.orders
  )
/* {"app": "dbt", "dbt_version": "1.11.0b3", "profile_name": "data_pipeline", "target_name": "dev", "node_id": "model.data_pipeline.stg_tpch_orders"} */;
[0m11:29:43.588553 [debug] [Thread-2 (]: Opening a new connection, currently in state init
[0m11:29:43.892737 [debug] [Thread-1 (]: SQL status: SUCCESS 1 in 0.304 seconds
[0m11:29:43.907549 [debug] [Thread-1 (]: Sending event: {'category': 'dbt', 'action': 'run_model', 'label': '62c5993f-88c0-40bd-a33e-d7ae403d8a68', 'context': [<snowplow_tracker.self_describing_json.SelfDescribingJson object at 0x10328d6d0>]}
[0m11:29:43.908070 [info ] [Thread-1 (]: 1 of 5 OK created sql view model dbt_schema.stg_tpch_line_items ................ [[32mSUCCESS 1[0m in 0.40s]
[0m11:29:43.908450 [debug] [Thread-1 (]: Finished running node model.data_pipeline.stg_tpch_line_items
[0m11:29:44.333183 [debug] [Thread-2 (]: SQL status: SUCCESS 1 in 0.744 seconds
[0m11:29:44.337291 [debug] [Thread-2 (]: Sending event: {'category': 'dbt', 'action': 'run_model', 'label': '62c5993f-88c0-40bd-a33e-d7ae403d8a68', 'context': [<snowplow_tracker.self_describing_json.SelfDescribingJson object at 0x10a11ffe0>]}
[0m11:29:44.338364 [info ] [Thread-2 (]: 2 of 5 OK created sql view model dbt_schema.stg_tpch_orders .................... [[32mSUCCESS 1[0m in 0.83s]
[0m11:29:44.339830 [debug] [Thread-2 (]: Finished running node model.data_pipeline.stg_tpch_orders
[0m11:29:44.341038 [debug] [Thread-4 (]: Began running node model.data_pipeline.int_order_items
[0m11:29:44.342106 [info ] [Thread-4 (]: 3 of 5 START sql table model dbt_schema.int_order_items ........................ [RUN]
[0m11:29:44.343229 [debug] [Thread-4 (]: Acquiring new snowflake connection 'model.data_pipeline.int_order_items'
[0m11:29:44.343902 [debug] [Thread-4 (]: Began compiling node model.data_pipeline.int_order_items
[0m11:29:44.349228 [debug] [Thread-4 (]: Writing injected SQL for node "model.data_pipeline.int_order_items"
[0m11:29:44.350752 [debug] [Thread-4 (]: Began executing node model.data_pipeline.int_order_items
[0m11:29:44.376065 [debug] [Thread-4 (]: Writing runtime sql for node "model.data_pipeline.int_order_items"
[0m11:29:44.377658 [debug] [Thread-4 (]: Using snowflake connection "model.data_pipeline.int_order_items"
[0m11:29:44.378047 [debug] [Thread-4 (]: On model.data_pipeline.int_order_items: create or replace transient table dbt_db.dbt_schema.int_order_items
    
    
    
    as (select
    line_item.order_item_key,
    line_item.part_key,
    line_item.line_number,
    line_item.extended_price,
    orders.order_key,
    orders.customer_key,
    orders.order_date,
    
    (-1 * line_item.extended_price * line_item.discount_percentage)::decimal(16, 2)
 as item_discount_amount
from
    dbt_db.dbt_schema.stg_tpch_orders as orders
join
    dbt_db.dbt_schema.stg_tpch_line_items as line_item
        on orders.order_key = line_item.order_key
order by
    orders.order_date
    )

/* {"app": "dbt", "dbt_version": "1.11.0b3", "profile_name": "data_pipeline", "target_name": "dev", "node_id": "model.data_pipeline.int_order_items"} */;
[0m11:29:44.378368 [debug] [Thread-4 (]: Opening a new connection, currently in state init
[0m11:29:53.264440 [debug] [Thread-4 (]: SQL status: SUCCESS 1 in 8.885 seconds
[0m11:29:53.278042 [debug] [Thread-4 (]: Sending event: {'category': 'dbt', 'action': 'run_model', 'label': '62c5993f-88c0-40bd-a33e-d7ae403d8a68', 'context': [<snowplow_tracker.self_describing_json.SelfDescribingJson object at 0x10a429b20>]}
[0m11:29:53.279472 [info ] [Thread-4 (]: 3 of 5 OK created sql table model dbt_schema.int_order_items ................... [[32mSUCCESS 1[0m in 8.93s]
[0m11:29:53.280911 [debug] [Thread-4 (]: Finished running node model.data_pipeline.int_order_items
[0m11:29:53.282803 [debug] [Thread-6 (]: Began running node model.data_pipeline.int_order_items_summary
[0m11:29:53.283428 [info ] [Thread-6 (]: 4 of 5 START sql table model dbt_schema.int_order_items_summary ................ [RUN]
[0m11:29:53.284140 [debug] [Thread-6 (]: Acquiring new snowflake connection 'model.data_pipeline.int_order_items_summary'
[0m11:29:53.284545 [debug] [Thread-6 (]: Began compiling node model.data_pipeline.int_order_items_summary
[0m11:29:53.305512 [debug] [Thread-6 (]: Writing injected SQL for node "model.data_pipeline.int_order_items_summary"
[0m11:29:53.309539 [debug] [Thread-6 (]: Began executing node model.data_pipeline.int_order_items_summary
[0m11:29:53.316311 [debug] [Thread-6 (]: Writing runtime sql for node "model.data_pipeline.int_order_items_summary"
[0m11:29:53.317980 [debug] [Thread-6 (]: Using snowflake connection "model.data_pipeline.int_order_items_summary"
[0m11:29:53.318312 [debug] [Thread-6 (]: On model.data_pipeline.int_order_items_summary: create or replace transient table dbt_db.dbt_schema.int_order_items_summary
    
    
    
    as (select 
    order_key,
    sum(extended_price) as gross_item_sales_amount,
    sum(item_discount_amount) as item_discount_amount
from
    dbt_db.dbt_schema.int_order_items
group by
    order_key
    )

/* {"app": "dbt", "dbt_version": "1.11.0b3", "profile_name": "data_pipeline", "target_name": "dev", "node_id": "model.data_pipeline.int_order_items_summary"} */;
[0m11:29:53.318526 [debug] [Thread-6 (]: Opening a new connection, currently in state init
[0m11:29:54.830580 [debug] [Thread-6 (]: SQL status: SUCCESS 1 in 1.512 seconds
[0m11:29:54.833555 [debug] [Thread-6 (]: Sending event: {'category': 'dbt', 'action': 'run_model', 'label': '62c5993f-88c0-40bd-a33e-d7ae403d8a68', 'context': [<snowplow_tracker.self_describing_json.SelfDescribingJson object at 0x10a1e81a0>]}
[0m11:29:54.836888 [info ] [Thread-6 (]: 4 of 5 OK created sql table model dbt_schema.int_order_items_summary ........... [[32mSUCCESS 1[0m in 1.55s]
[0m11:29:54.839638 [debug] [Thread-6 (]: Finished running node model.data_pipeline.int_order_items_summary
[0m11:29:54.844703 [debug] [Thread-8 (]: Began running node model.data_pipeline.fct_orders
[0m11:29:54.849442 [info ] [Thread-8 (]: 5 of 5 START sql table model dbt_schema.fct_orders ............................. [RUN]
[0m11:29:54.851016 [debug] [Thread-8 (]: Acquiring new snowflake connection 'model.data_pipeline.fct_orders'
[0m11:29:54.854481 [debug] [Thread-8 (]: Began compiling node model.data_pipeline.fct_orders
[0m11:29:54.862038 [debug] [Thread-8 (]: Writing injected SQL for node "model.data_pipeline.fct_orders"
[0m11:29:54.864447 [debug] [Thread-8 (]: Began executing node model.data_pipeline.fct_orders
[0m11:29:54.867915 [debug] [Thread-8 (]: Writing runtime sql for node "model.data_pipeline.fct_orders"
[0m11:29:54.869414 [debug] [Thread-8 (]: Using snowflake connection "model.data_pipeline.fct_orders"
[0m11:29:54.869913 [debug] [Thread-8 (]: On model.data_pipeline.fct_orders: create or replace transient table dbt_db.dbt_schema.fct_orders
    
    
    
    as (select
    orders.*,
    order_item_summary.gross_item_sales_amount,
    order_item_summary.item_discount_amount
from
    dbt_db.dbt_schema.stg_tpch_orders as orders
join
    dbt_db.dbt_schema.int_order_items_summary as order_item_summary
        on orders.order_key = order_item_summary.order_key
order by order_date
    )

/* {"app": "dbt", "dbt_version": "1.11.0b3", "profile_name": "data_pipeline", "target_name": "dev", "node_id": "model.data_pipeline.fct_orders"} */;
[0m11:29:54.870391 [debug] [Thread-8 (]: Opening a new connection, currently in state init
[0m11:29:56.692609 [debug] [Thread-8 (]: SQL status: SUCCESS 1 in 1.822 seconds
[0m11:29:56.700008 [debug] [Thread-8 (]: Sending event: {'category': 'dbt', 'action': 'run_model', 'label': '62c5993f-88c0-40bd-a33e-d7ae403d8a68', 'context': [<snowplow_tracker.self_describing_json.SelfDescribingJson object at 0x109b0d310>]}
[0m11:29:56.701181 [info ] [Thread-8 (]: 5 of 5 OK created sql table model dbt_schema.fct_orders ........................ [[32mSUCCESS 1[0m in 1.85s]
[0m11:29:56.701612 [debug] [Thread-8 (]: Finished running node model.data_pipeline.fct_orders
[0m11:29:56.703032 [debug] [MainThread]: Connection 'master' was properly closed.
[0m11:29:56.703303 [debug] [MainThread]: Connection 'model.data_pipeline.stg_tpch_line_items' was left open.
[0m11:29:56.703490 [debug] [MainThread]: On model.data_pipeline.stg_tpch_line_items: Close
[0m11:29:56.818576 [debug] [MainThread]: Connection 'model.data_pipeline.stg_tpch_orders' was left open.
[0m11:29:56.819415 [debug] [MainThread]: On model.data_pipeline.stg_tpch_orders: Close
[0m11:29:56.934013 [debug] [MainThread]: Connection 'model.data_pipeline.int_order_items' was left open.
[0m11:29:56.934741 [debug] [MainThread]: On model.data_pipeline.int_order_items: Close
[0m11:29:57.051140 [debug] [MainThread]: Connection 'model.data_pipeline.int_order_items_summary' was left open.
[0m11:29:57.051868 [debug] [MainThread]: On model.data_pipeline.int_order_items_summary: Close
[0m11:29:57.165743 [debug] [MainThread]: Connection 'model.data_pipeline.fct_orders' was left open.
[0m11:29:57.166601 [debug] [MainThread]: On model.data_pipeline.fct_orders: Close
[0m11:29:57.296842 [info ] [MainThread]: 
[0m11:29:57.297626 [info ] [MainThread]: Finished running 3 table models, 2 view models in 0 hours 0 minutes and 15.97 seconds (15.97s).
[0m11:29:57.300119 [debug] [MainThread]: Command end result
[0m11:29:57.336892 [debug] [MainThread]: Wrote artifact WritableManifest to /Users/almond505/My Files/Almond/Work/Data Engineering - ETL DBT snowflake airflow/dbt-dag/dags/dbt/data_pipeline/target/manifest.json
[0m11:29:57.340136 [debug] [MainThread]: Wrote artifact SemanticManifest to /Users/almond505/My Files/Almond/Work/Data Engineering - ETL DBT snowflake airflow/dbt-dag/dags/dbt/data_pipeline/target/semantic_manifest.json
[0m11:29:57.350162 [debug] [MainThread]: Wrote artifact RunExecutionResult to /Users/almond505/My Files/Almond/Work/Data Engineering - ETL DBT snowflake airflow/dbt-dag/dags/dbt/data_pipeline/target/run_results.json
[0m11:29:57.350673 [info ] [MainThread]: 
[0m11:29:57.351073 [info ] [MainThread]: [32mCompleted successfully[0m
[0m11:29:57.351295 [info ] [MainThread]: 
[0m11:29:57.351539 [info ] [MainThread]: Done. PASS=5 WARN=0 ERROR=0 SKIP=0 NO-OP=0 TOTAL=5
[0m11:29:57.352420 [warn ] [MainThread]: [[33mWARNING[0m][DeprecationsSummary]: Deprecated functionality
Summary of encountered deprecations:
- MissingArgumentsPropertyInGenericTestDeprecation: 3 occurrences
To see all deprecation instances instead of just the first occurrence of each,
run command again with the `--show-all-deprecations` flag. You may also need to
run with `--no-partial-parse` as some deprecations are only encountered during
parsing.
[0m11:29:57.396730 [debug] [MainThread]: Resource report: {"command_name": "run", "command_success": true, "command_wall_clock_time": 19.025526, "process_in_blocks": "0", "process_kernel_time": 0.573924, "process_mem_max_rss": "210190336", "process_out_blocks": "0", "process_user_time": 3.086022}
[0m11:29:57.397230 [debug] [MainThread]: Command `dbt run` succeeded at 11:29:57.397169 after 19.03 seconds
[0m11:29:57.397493 [debug] [MainThread]: Sending event: {'category': 'dbt', 'action': 'invocation', 'label': 'end', 'context': [<snowplow_tracker.self_describing_json.SelfDescribingJson object at 0x105a46c30>, <snowplow_tracker.self_describing_json.SelfDescribingJson object at 0x10997acc0>, <snowplow_tracker.self_describing_json.SelfDescribingJson object at 0x108cc28a0>]}
[0m11:29:57.397707 [debug] [MainThread]: Flushing usage events
[0m11:29:58.875586 [debug] [MainThread]: An error was encountered while trying to flush usage events
[0m19:51:35.244918 [debug] [MainThread]: Sending event: {'category': 'dbt', 'action': 'invocation', 'label': 'start', 'context': [<snowplow_tracker.self_describing_json.SelfDescribingJson object at 0x1052b92e0>, <snowplow_tracker.self_describing_json.SelfDescribingJson object at 0x1057a07a0>, <snowplow_tracker.self_describing_json.SelfDescribingJson object at 0x1057a0470>]}


============================== 19:51:35.248402 | 37ddcb51-ec31-460b-beb1-13c587936f38 ==============================
[0m19:51:35.248402 [info ] [MainThread]: Running with dbt=1.11.0-b3
[0m19:51:35.248760 [debug] [MainThread]: running dbt with arguments {'empty': 'None', 'static_parser': 'True', 'quiet': 'False', 'log_path': '/Users/almond505/My Files/Almond/Work/Data Engineering - ETL DBT snowflake airflow/dbt-dag/dags/dbt/data_pipeline/logs', 'warn_error_options': 'WarnErrorOptionsV2(error=[], warn=[], silence=[])', 'printer_width': '80', 'indirect_selection': 'eager', 'invocation_command': 'dbt test', 'send_anonymous_usage_stats': 'True', 'version_check': 'True', 'no_print': 'None', 'log_cache_events': 'False', 'profiles_dir': '/Users/almond505/.dbt', 'write_json': 'True', 'log_format': 'default', 'debug': 'False', 'warn_error': 'None', 'use_colors': 'True', 'target_path': 'None', 'fail_fast': 'False', 'cache_selected_only': 'False', 'use_experimental_parser': 'False', 'introspect': 'True', 'partial_parse': 'True'}
[0m19:51:36.114845 [debug] [MainThread]: Sending event: {'category': 'dbt', 'action': 'project_id', 'label': '37ddcb51-ec31-460b-beb1-13c587936f38', 'context': [<snowplow_tracker.self_describing_json.SelfDescribingJson object at 0x109637200>]}
[0m19:51:36.144403 [debug] [MainThread]: Sending event: {'category': 'dbt', 'action': 'adapter_info', 'label': '37ddcb51-ec31-460b-beb1-13c587936f38', 'context': [<snowplow_tracker.self_describing_json.SelfDescribingJson object at 0x1093cc3b0>]}
[0m19:51:36.145031 [info ] [MainThread]: Registered adapter: snowflake=1.10.2
[0m19:51:36.266068 [debug] [MainThread]: checksum: e63134dccc1251cfb572caf0e4aa952f030c125ee3634f3bf2c0a2e1bb6ae349, vars: {}, profile: , target: , version: 1.11.0b3
[0m19:51:36.369261 [debug] [MainThread]: Partial parsing enabled: 0 files deleted, 0 files added, 0 files changed.
[0m19:51:36.369529 [debug] [MainThread]: Partial parsing enabled, no changes found, skipping parsing
[0m19:51:36.394769 [debug] [MainThread]: Sending event: {'category': 'dbt', 'action': 'load_project', 'label': '37ddcb51-ec31-460b-beb1-13c587936f38', 'context': [<snowplow_tracker.self_describing_json.SelfDescribingJson object at 0x1060d7d10>]}
[0m19:51:36.445850 [debug] [MainThread]: Wrote artifact WritableManifest to /Users/almond505/My Files/Almond/Work/Data Engineering - ETL DBT snowflake airflow/dbt-dag/dags/dbt/data_pipeline/target/manifest.json
[0m19:51:36.447425 [debug] [MainThread]: Wrote artifact SemanticManifest to /Users/almond505/My Files/Almond/Work/Data Engineering - ETL DBT snowflake airflow/dbt-dag/dags/dbt/data_pipeline/target/semantic_manifest.json
[0m19:51:36.466029 [debug] [MainThread]: Sending event: {'category': 'dbt', 'action': 'resource_counts', 'label': '37ddcb51-ec31-460b-beb1-13c587936f38', 'context': [<snowplow_tracker.self_describing_json.SelfDescribingJson object at 0x109d51be0>]}
[0m19:51:36.466346 [info ] [MainThread]: Found 5 models, 9 data tests, 2 sources, 607 macros
[0m19:51:36.466538 [debug] [MainThread]: Sending event: {'category': 'dbt', 'action': 'runnable_timing', 'label': '37ddcb51-ec31-460b-beb1-13c587936f38', 'context': [<snowplow_tracker.self_describing_json.SelfDescribingJson object at 0x109849820>]}
[0m19:51:36.467644 [info ] [MainThread]: 
[0m19:51:36.467840 [info ] [MainThread]: Concurrency: 10 threads (target='dev')
[0m19:51:36.467987 [info ] [MainThread]: 
[0m19:51:36.468258 [debug] [MainThread]: Acquiring new snowflake connection 'master'
[0m19:51:36.470476 [debug] [ThreadPool]: Acquiring new snowflake connection 'list_dbt_db_dbt_schema'
[0m19:51:36.592607 [debug] [ThreadPool]: Using snowflake connection "list_dbt_db_dbt_schema"
[0m19:51:36.592873 [debug] [ThreadPool]: On list_dbt_db_dbt_schema: show objects in dbt_db.dbt_schema
    limit 10000
    

/* {"app": "dbt", "dbt_version": "1.11.0b3", "profile_name": "data_pipeline", "target_name": "dev", "connection_name": "list_dbt_db_dbt_schema"} */;
[0m19:51:36.593033 [debug] [ThreadPool]: Opening a new connection, currently in state init
[0m19:51:38.140676 [debug] [ThreadPool]: SQL status: SUCCESS 5 in 1.548 seconds
[0m19:51:38.143074 [debug] [MainThread]: Sending event: {'category': 'dbt', 'action': 'runnable_timing', 'label': '37ddcb51-ec31-460b-beb1-13c587936f38', 'context': [<snowplow_tracker.self_describing_json.SelfDescribingJson object at 0x109849880>]}
[0m19:51:38.145547 [debug] [Thread-1 (]: Began running node test.data_pipeline.accepted_values_fct_orders_status_code__P__O__F.2c062f3048
[0m19:51:38.145850 [debug] [Thread-2 (]: Began running node test.data_pipeline.fct_orders_date_valid
[0m19:51:38.146128 [debug] [Thread-3 (]: Began running node test.data_pipeline.fct_orders_discount
[0m19:51:38.146364 [debug] [Thread-4 (]: Began running node test.data_pipeline.not_null_fct_orders_order_key.6a6f83ab15
[0m19:51:38.146799 [debug] [Thread-5 (]: Began running node test.data_pipeline.relationships_fct_orders_order_key__order_key__ref_stg_tpch_orders_.05b89e79ce
[0m19:51:38.147035 [debug] [Thread-6 (]: Began running node test.data_pipeline.source_not_null_tpch_orders_o_orderkey.ebd571817b
[0m19:51:38.147473 [debug] [Thread-7 (]: Began running node test.data_pipeline.source_relationships_tpch_lineitem_l_orderkey__o_orderkey__source_tpch_orders_.f722cb898d
[0m19:51:38.147287 [info ] [Thread-1 (]: 1 of 9 START test accepted_values_fct_orders_status_code__P__O__F .............. [RUN]
[0m19:51:38.147751 [debug] [Thread-8 (]: Began running node test.data_pipeline.source_unique_tpch_orders_o_orderkey.374f048af2
[0m19:51:38.147957 [debug] [Thread-9 (]: Began running node test.data_pipeline.unique_fct_orders_order_key.f5e7a90273
[0m19:51:38.148198 [info ] [Thread-2 (]: 2 of 9 START test fct_orders_date_valid ........................................ [RUN]
[0m19:51:38.148449 [info ] [Thread-3 (]: 3 of 9 START test fct_orders_discount .......................................... [RUN]
[0m19:51:38.148703 [info ] [Thread-4 (]: 4 of 9 START test not_null_fct_orders_order_key ................................ [RUN]
[0m19:51:38.148947 [info ] [Thread-5 (]: 5 of 9 START test relationships_fct_orders_order_key__order_key__ref_stg_tpch_orders_  [RUN]
[0m19:51:38.149186 [info ] [Thread-6 (]: 6 of 9 START test source_not_null_tpch_orders_o_orderkey ....................... [RUN]
[0m19:51:38.149445 [info ] [Thread-7 (]: 7 of 9 START test source_relationships_tpch_lineitem_l_orderkey__o_orderkey__source_tpch_orders_  [RUN]
[0m19:51:38.149737 [debug] [Thread-1 (]: Re-using an available connection from the pool (formerly list_dbt_db_dbt_schema, now test.data_pipeline.accepted_values_fct_orders_status_code__P__O__F.2c062f3048)
[0m19:51:38.149976 [info ] [Thread-8 (]: 8 of 9 START test source_unique_tpch_orders_o_orderkey ......................... [RUN]
[0m19:51:38.150240 [info ] [Thread-9 (]: 9 of 9 START test unique_fct_orders_order_key .................................. [RUN]
[0m19:51:38.150541 [debug] [Thread-2 (]: Acquiring new snowflake connection 'test.data_pipeline.fct_orders_date_valid'
[0m19:51:38.150827 [debug] [Thread-3 (]: Acquiring new snowflake connection 'test.data_pipeline.fct_orders_discount'
[0m19:51:38.151101 [debug] [Thread-4 (]: Acquiring new snowflake connection 'test.data_pipeline.not_null_fct_orders_order_key.6a6f83ab15'
[0m19:51:38.151368 [debug] [Thread-5 (]: Acquiring new snowflake connection 'test.data_pipeline.relationships_fct_orders_order_key__order_key__ref_stg_tpch_orders_.05b89e79ce'
[0m19:51:38.151631 [debug] [Thread-6 (]: Acquiring new snowflake connection 'test.data_pipeline.source_not_null_tpch_orders_o_orderkey.ebd571817b'
[0m19:51:38.151895 [debug] [Thread-7 (]: Acquiring new snowflake connection 'test.data_pipeline.source_relationships_tpch_lineitem_l_orderkey__o_orderkey__source_tpch_orders_.f722cb898d'
[0m19:51:38.152115 [debug] [Thread-1 (]: Began compiling node test.data_pipeline.accepted_values_fct_orders_status_code__P__O__F.2c062f3048
[0m19:51:38.152374 [debug] [Thread-8 (]: Acquiring new snowflake connection 'test.data_pipeline.source_unique_tpch_orders_o_orderkey.374f048af2'
[0m19:51:38.152624 [debug] [Thread-9 (]: Acquiring new snowflake connection 'test.data_pipeline.unique_fct_orders_order_key.f5e7a90273'
[0m19:51:38.152843 [debug] [Thread-2 (]: Began compiling node test.data_pipeline.fct_orders_date_valid
[0m19:51:38.153057 [debug] [Thread-3 (]: Began compiling node test.data_pipeline.fct_orders_discount
[0m19:51:38.153265 [debug] [Thread-4 (]: Began compiling node test.data_pipeline.not_null_fct_orders_order_key.6a6f83ab15
[0m19:51:38.153475 [debug] [Thread-5 (]: Began compiling node test.data_pipeline.relationships_fct_orders_order_key__order_key__ref_stg_tpch_orders_.05b89e79ce
[0m19:51:38.153785 [debug] [Thread-6 (]: Began compiling node test.data_pipeline.source_not_null_tpch_orders_o_orderkey.ebd571817b
[0m19:51:38.154060 [debug] [Thread-7 (]: Began compiling node test.data_pipeline.source_relationships_tpch_lineitem_l_orderkey__o_orderkey__source_tpch_orders_.f722cb898d
[0m19:51:38.165760 [debug] [Thread-1 (]: Writing injected SQL for node "test.data_pipeline.accepted_values_fct_orders_status_code__P__O__F.2c062f3048"
[0m19:51:38.166088 [debug] [Thread-8 (]: Began compiling node test.data_pipeline.source_unique_tpch_orders_o_orderkey.374f048af2
[0m19:51:38.166299 [debug] [Thread-9 (]: Began compiling node test.data_pipeline.unique_fct_orders_order_key.f5e7a90273
[0m19:51:38.167827 [debug] [Thread-2 (]: Writing injected SQL for node "test.data_pipeline.fct_orders_date_valid"
[0m19:51:38.169239 [debug] [Thread-3 (]: Writing injected SQL for node "test.data_pipeline.fct_orders_discount"
[0m19:51:38.173801 [debug] [Thread-4 (]: Writing injected SQL for node "test.data_pipeline.not_null_fct_orders_order_key.6a6f83ab15"
[0m19:51:38.177922 [debug] [Thread-5 (]: Writing injected SQL for node "test.data_pipeline.relationships_fct_orders_order_key__order_key__ref_stg_tpch_orders_.05b89e79ce"
[0m19:51:38.179928 [debug] [Thread-6 (]: Writing injected SQL for node "test.data_pipeline.source_not_null_tpch_orders_o_orderkey.ebd571817b"
[0m19:51:38.182553 [debug] [Thread-7 (]: Writing injected SQL for node "test.data_pipeline.source_relationships_tpch_lineitem_l_orderkey__o_orderkey__source_tpch_orders_.f722cb898d"
[0m19:51:38.185801 [debug] [Thread-8 (]: Writing injected SQL for node "test.data_pipeline.source_unique_tpch_orders_o_orderkey.374f048af2"
[0m19:51:38.188461 [debug] [Thread-9 (]: Writing injected SQL for node "test.data_pipeline.unique_fct_orders_order_key.f5e7a90273"
[0m19:51:38.188740 [debug] [Thread-1 (]: Began executing node test.data_pipeline.accepted_values_fct_orders_status_code__P__O__F.2c062f3048
[0m19:51:38.189042 [debug] [Thread-2 (]: Began executing node test.data_pipeline.fct_orders_date_valid
[0m19:51:38.189288 [debug] [Thread-3 (]: Began executing node test.data_pipeline.fct_orders_discount
[0m19:51:38.189613 [debug] [Thread-4 (]: Began executing node test.data_pipeline.not_null_fct_orders_order_key.6a6f83ab15
[0m19:51:38.190127 [debug] [Thread-5 (]: Began executing node test.data_pipeline.relationships_fct_orders_order_key__order_key__ref_stg_tpch_orders_.05b89e79ce
[0m19:51:38.190478 [debug] [Thread-6 (]: Began executing node test.data_pipeline.source_not_null_tpch_orders_o_orderkey.ebd571817b
[0m19:51:38.190660 [debug] [Thread-7 (]: Began executing node test.data_pipeline.source_relationships_tpch_lineitem_l_orderkey__o_orderkey__source_tpch_orders_.f722cb898d
[0m19:51:38.190823 [debug] [Thread-9 (]: Began executing node test.data_pipeline.unique_fct_orders_order_key.f5e7a90273
[0m19:51:38.201646 [debug] [Thread-1 (]: Writing runtime sql for node "test.data_pipeline.accepted_values_fct_orders_status_code__P__O__F.2c062f3048"
[0m19:51:38.201877 [debug] [Thread-8 (]: Began executing node test.data_pipeline.source_unique_tpch_orders_o_orderkey.374f048af2
[0m19:51:38.202986 [debug] [Thread-2 (]: Writing runtime sql for node "test.data_pipeline.fct_orders_date_valid"
[0m19:51:38.204075 [debug] [Thread-3 (]: Writing runtime sql for node "test.data_pipeline.fct_orders_discount"
[0m19:51:38.205110 [debug] [Thread-4 (]: Writing runtime sql for node "test.data_pipeline.not_null_fct_orders_order_key.6a6f83ab15"
[0m19:51:38.206172 [debug] [Thread-5 (]: Writing runtime sql for node "test.data_pipeline.relationships_fct_orders_order_key__order_key__ref_stg_tpch_orders_.05b89e79ce"
[0m19:51:38.207167 [debug] [Thread-6 (]: Writing runtime sql for node "test.data_pipeline.source_not_null_tpch_orders_o_orderkey.ebd571817b"
[0m19:51:38.208201 [debug] [Thread-7 (]: Writing runtime sql for node "test.data_pipeline.source_relationships_tpch_lineitem_l_orderkey__o_orderkey__source_tpch_orders_.f722cb898d"
[0m19:51:38.209582 [debug] [Thread-9 (]: Writing runtime sql for node "test.data_pipeline.unique_fct_orders_order_key.f5e7a90273"
[0m19:51:38.210775 [debug] [Thread-8 (]: Writing runtime sql for node "test.data_pipeline.source_unique_tpch_orders_o_orderkey.374f048af2"
[0m19:51:38.211519 [debug] [Thread-1 (]: Using snowflake connection "test.data_pipeline.accepted_values_fct_orders_status_code__P__O__F.2c062f3048"
[0m19:51:38.211867 [debug] [Thread-2 (]: Using snowflake connection "test.data_pipeline.fct_orders_date_valid"
[0m19:51:38.212435 [debug] [Thread-4 (]: Using snowflake connection "test.data_pipeline.not_null_fct_orders_order_key.6a6f83ab15"
[0m19:51:38.212754 [debug] [Thread-3 (]: Using snowflake connection "test.data_pipeline.fct_orders_discount"
[0m19:51:38.213256 [debug] [Thread-5 (]: Using snowflake connection "test.data_pipeline.relationships_fct_orders_order_key__order_key__ref_stg_tpch_orders_.05b89e79ce"
[0m19:51:38.213614 [debug] [Thread-6 (]: Using snowflake connection "test.data_pipeline.source_not_null_tpch_orders_o_orderkey.ebd571817b"
[0m19:51:38.213956 [debug] [Thread-1 (]: On test.data_pipeline.accepted_values_fct_orders_status_code__P__O__F.2c062f3048: select
      count(*) as failures,
      count(*) != 0 as should_warn,
      count(*) != 0 as should_error
    from (
      
    
  
    
    

with all_values as (

    select
        status_code as value_field,
        count(*) as n_records

    from dbt_db.dbt_schema.fct_orders
    group by status_code

)

select *
from all_values
where value_field not in (
    'P','O','F'
)



  
  
      
    ) dbt_internal_test
/* {"app": "dbt", "dbt_version": "1.11.0b3", "profile_name": "data_pipeline", "target_name": "dev", "node_id": "test.data_pipeline.accepted_values_fct_orders_status_code__P__O__F.2c062f3048"} */
[0m19:51:38.214221 [debug] [Thread-2 (]: On test.data_pipeline.fct_orders_date_valid: select
      count(*) as failures,
      count(*) != 0 as should_warn,
      count(*) != 0 as should_error
    from (
      
    
  select
    *
from
    dbt_db.dbt_schema.fct_orders
where
    date(order_date) > CURRENT_DATE()
    or date(order_date) < date('1990-01-01')
  
  
      
    ) dbt_internal_test
/* {"app": "dbt", "dbt_version": "1.11.0b3", "profile_name": "data_pipeline", "target_name": "dev", "node_id": "test.data_pipeline.fct_orders_date_valid"} */
[0m19:51:38.214702 [debug] [Thread-7 (]: Using snowflake connection "test.data_pipeline.source_relationships_tpch_lineitem_l_orderkey__o_orderkey__source_tpch_orders_.f722cb898d"
[0m19:51:38.215037 [debug] [Thread-9 (]: Using snowflake connection "test.data_pipeline.unique_fct_orders_order_key.f5e7a90273"
[0m19:51:38.215378 [debug] [Thread-8 (]: Using snowflake connection "test.data_pipeline.source_unique_tpch_orders_o_orderkey.374f048af2"
[0m19:51:38.215557 [debug] [Thread-4 (]: On test.data_pipeline.not_null_fct_orders_order_key.6a6f83ab15: select
      count(*) as failures,
      count(*) != 0 as should_warn,
      count(*) != 0 as should_error
    from (
      
    
  
    
    



select order_key
from dbt_db.dbt_schema.fct_orders
where order_key is null



  
  
      
    ) dbt_internal_test
/* {"app": "dbt", "dbt_version": "1.11.0b3", "profile_name": "data_pipeline", "target_name": "dev", "node_id": "test.data_pipeline.not_null_fct_orders_order_key.6a6f83ab15"} */
[0m19:51:38.215763 [debug] [Thread-3 (]: On test.data_pipeline.fct_orders_discount: select
      count(*) as failures,
      count(*) != 0 as should_warn,
      count(*) != 0 as should_error
    from (
      
    
  select
    *
from
    dbt_db.dbt_schema.fct_orders
where
    item_discount_amount > 0
  
  
      
    ) dbt_internal_test
/* {"app": "dbt", "dbt_version": "1.11.0b3", "profile_name": "data_pipeline", "target_name": "dev", "node_id": "test.data_pipeline.fct_orders_discount"} */
[0m19:51:38.215984 [debug] [Thread-5 (]: On test.data_pipeline.relationships_fct_orders_order_key__order_key__ref_stg_tpch_orders_.05b89e79ce: select
      count(*) as failures,
      count(*) != 0 as should_warn,
      count(*) != 0 as should_error
    from (
      
    
  
    
    

with child as (
    select order_key as from_field
    from dbt_db.dbt_schema.fct_orders
    where order_key is not null
),

parent as (
    select order_key as to_field
    from dbt_db.dbt_schema.stg_tpch_orders
)

select
    from_field

from child
left join parent
    on child.from_field = parent.to_field

where parent.to_field is null



  
  
      
    ) dbt_internal_test
/* {"app": "dbt", "dbt_version": "1.11.0b3", "profile_name": "data_pipeline", "target_name": "dev", "node_id": "test.data_pipeline.relationships_fct_orders_order_key__order_key__ref_stg_tpch_orders_.05b89e79ce"} */
[0m19:51:38.216182 [debug] [Thread-6 (]: On test.data_pipeline.source_not_null_tpch_orders_o_orderkey.ebd571817b: select
      count(*) as failures,
      count(*) != 0 as should_warn,
      count(*) != 0 as should_error
    from (
      
    
  
    
    



select o_orderkey
from snowflake_sample_data.tpch_sf1.orders
where o_orderkey is null



  
  
      
    ) dbt_internal_test
/* {"app": "dbt", "dbt_version": "1.11.0b3", "profile_name": "data_pipeline", "target_name": "dev", "node_id": "test.data_pipeline.source_not_null_tpch_orders_o_orderkey.ebd571817b"} */
[0m19:51:38.216562 [debug] [Thread-2 (]: Opening a new connection, currently in state init
[0m19:51:38.216909 [debug] [Thread-7 (]: On test.data_pipeline.source_relationships_tpch_lineitem_l_orderkey__o_orderkey__source_tpch_orders_.f722cb898d: select
      count(*) as failures,
      count(*) != 0 as should_warn,
      count(*) != 0 as should_error
    from (
      
    
  
    
    

with child as (
    select l_orderkey as from_field
    from snowflake_sample_data.tpch_sf1.lineitem
    where l_orderkey is not null
),

parent as (
    select o_orderkey as to_field
    from snowflake_sample_data.tpch_sf1.orders
)

select
    from_field

from child
left join parent
    on child.from_field = parent.to_field

where parent.to_field is null



  
  
      
    ) dbt_internal_test
/* {"app": "dbt", "dbt_version": "1.11.0b3", "profile_name": "data_pipeline", "target_name": "dev", "node_id": "test.data_pipeline.source_relationships_tpch_lineitem_l_orderkey__o_orderkey__source_tpch_orders_.f722cb898d"} */
[0m19:51:38.217298 [debug] [Thread-9 (]: On test.data_pipeline.unique_fct_orders_order_key.f5e7a90273: select
      count(*) as failures,
      count(*) != 0 as should_warn,
      count(*) != 0 as should_error
    from (
      
    
  
    
    

select
    order_key as unique_field,
    count(*) as n_records

from dbt_db.dbt_schema.fct_orders
where order_key is not null
group by order_key
having count(*) > 1



  
  
      
    ) dbt_internal_test
/* {"app": "dbt", "dbt_version": "1.11.0b3", "profile_name": "data_pipeline", "target_name": "dev", "node_id": "test.data_pipeline.unique_fct_orders_order_key.f5e7a90273"} */
[0m19:51:38.217552 [debug] [Thread-8 (]: On test.data_pipeline.source_unique_tpch_orders_o_orderkey.374f048af2: select
      count(*) as failures,
      count(*) != 0 as should_warn,
      count(*) != 0 as should_error
    from (
      
    
  
    
    

select
    o_orderkey as unique_field,
    count(*) as n_records

from snowflake_sample_data.tpch_sf1.orders
where o_orderkey is not null
group by o_orderkey
having count(*) > 1



  
  
      
    ) dbt_internal_test
/* {"app": "dbt", "dbt_version": "1.11.0b3", "profile_name": "data_pipeline", "target_name": "dev", "node_id": "test.data_pipeline.source_unique_tpch_orders_o_orderkey.374f048af2"} */
[0m19:51:38.217893 [debug] [Thread-4 (]: Opening a new connection, currently in state init
[0m19:51:38.218152 [debug] [Thread-3 (]: Opening a new connection, currently in state init
[0m19:51:38.218371 [debug] [Thread-5 (]: Opening a new connection, currently in state init
[0m19:51:38.218604 [debug] [Thread-6 (]: Opening a new connection, currently in state init
[0m19:51:38.219048 [debug] [Thread-7 (]: Opening a new connection, currently in state init
[0m19:51:38.219372 [debug] [Thread-9 (]: Opening a new connection, currently in state init
[0m19:51:38.220023 [debug] [Thread-8 (]: Opening a new connection, currently in state init
[0m19:51:39.523144 [debug] [Thread-6 (]: SQL status: SUCCESS 1 in 1.304 seconds
[0m19:51:39.537389 [info ] [Thread-6 (]: 6 of 9 PASS source_not_null_tpch_orders_o_orderkey ............................. [[32mPASS[0m in 1.39s]
[0m19:51:39.538456 [debug] [Thread-6 (]: Finished running node test.data_pipeline.source_not_null_tpch_orders_o_orderkey.ebd571817b
[0m19:51:39.551352 [debug] [Thread-4 (]: SQL status: SUCCESS 1 in 1.333 seconds
[0m19:51:39.554061 [info ] [Thread-4 (]: 4 of 9 PASS not_null_fct_orders_order_key ...................................... [[32mPASS[0m in 1.40s]
[0m19:51:39.554940 [debug] [Thread-4 (]: Finished running node test.data_pipeline.not_null_fct_orders_order_key.6a6f83ab15
[0m19:51:39.578313 [debug] [Thread-3 (]: SQL status: SUCCESS 1 in 1.360 seconds
[0m19:51:39.580824 [info ] [Thread-3 (]: 3 of 9 PASS fct_orders_discount ................................................ [[32mPASS[0m in 1.43s]
[0m19:51:39.581542 [debug] [Thread-3 (]: Finished running node test.data_pipeline.fct_orders_discount
[0m19:51:39.600587 [debug] [Thread-2 (]: SQL status: SUCCESS 1 in 1.384 seconds
[0m19:51:39.603556 [info ] [Thread-2 (]: 2 of 9 PASS fct_orders_date_valid .............................................. [[32mPASS[0m in 1.45s]
[0m19:51:39.604535 [debug] [Thread-2 (]: Finished running node test.data_pipeline.fct_orders_date_valid
[0m19:51:39.697210 [debug] [Thread-8 (]: SQL status: SUCCESS 1 in 1.477 seconds
[0m19:51:39.700238 [info ] [Thread-8 (]: 8 of 9 PASS source_unique_tpch_orders_o_orderkey ............................... [[32mPASS[0m in 1.55s]
[0m19:51:39.701117 [debug] [Thread-8 (]: Finished running node test.data_pipeline.source_unique_tpch_orders_o_orderkey.374f048af2
[0m19:51:39.887114 [debug] [Thread-7 (]: SQL status: SUCCESS 1 in 1.668 seconds
[0m19:51:39.891717 [info ] [Thread-7 (]: 7 of 9 PASS source_relationships_tpch_lineitem_l_orderkey__o_orderkey__source_tpch_orders_  [[32mPASS[0m in 1.74s]
[0m19:51:39.893178 [debug] [Thread-7 (]: Finished running node test.data_pipeline.source_relationships_tpch_lineitem_l_orderkey__o_orderkey__source_tpch_orders_.f722cb898d
[0m19:51:40.748561 [debug] [Thread-1 (]: SQL status: SUCCESS 1 in 2.532 seconds
[0m19:51:40.753178 [info ] [Thread-1 (]: 1 of 9 PASS accepted_values_fct_orders_status_code__P__O__F .................... [[32mPASS[0m in 2.60s]
[0m19:51:40.754083 [debug] [Thread-1 (]: Finished running node test.data_pipeline.accepted_values_fct_orders_status_code__P__O__F.2c062f3048
[0m19:51:40.878379 [debug] [Thread-9 (]: SQL status: SUCCESS 1 in 2.659 seconds
[0m19:51:40.884760 [info ] [Thread-9 (]: 9 of 9 PASS unique_fct_orders_order_key ........................................ [[32mPASS[0m in 2.73s]
[0m19:51:40.886143 [debug] [Thread-9 (]: Finished running node test.data_pipeline.unique_fct_orders_order_key.f5e7a90273
[0m19:51:40.983020 [debug] [Thread-5 (]: SQL status: SUCCESS 1 in 2.764 seconds
[0m19:51:40.987043 [info ] [Thread-5 (]: 5 of 9 PASS relationships_fct_orders_order_key__order_key__ref_stg_tpch_orders_  [[32mPASS[0m in 2.84s]
[0m19:51:40.988378 [debug] [Thread-5 (]: Finished running node test.data_pipeline.relationships_fct_orders_order_key__order_key__ref_stg_tpch_orders_.05b89e79ce
[0m19:51:40.991262 [debug] [MainThread]: Connection 'master' was properly closed.
[0m19:51:40.991884 [debug] [MainThread]: Connection 'test.data_pipeline.accepted_values_fct_orders_status_code__P__O__F.2c062f3048' was left open.
[0m19:51:40.992616 [debug] [MainThread]: On test.data_pipeline.accepted_values_fct_orders_status_code__P__O__F.2c062f3048: Close
[0m19:51:41.122089 [debug] [MainThread]: Connection 'test.data_pipeline.fct_orders_date_valid' was left open.
[0m19:51:41.123381 [debug] [MainThread]: On test.data_pipeline.fct_orders_date_valid: Close
[0m19:51:41.248974 [debug] [MainThread]: Connection 'test.data_pipeline.fct_orders_discount' was left open.
[0m19:51:41.249736 [debug] [MainThread]: On test.data_pipeline.fct_orders_discount: Close
[0m19:51:41.374612 [debug] [MainThread]: Connection 'test.data_pipeline.not_null_fct_orders_order_key.6a6f83ab15' was left open.
[0m19:51:41.375562 [debug] [MainThread]: On test.data_pipeline.not_null_fct_orders_order_key.6a6f83ab15: Close
[0m19:51:41.502416 [debug] [MainThread]: Connection 'test.data_pipeline.relationships_fct_orders_order_key__order_key__ref_stg_tpch_orders_.05b89e79ce' was left open.
[0m19:51:41.503196 [debug] [MainThread]: On test.data_pipeline.relationships_fct_orders_order_key__order_key__ref_stg_tpch_orders_.05b89e79ce: Close
[0m19:51:41.639169 [debug] [MainThread]: Connection 'test.data_pipeline.source_not_null_tpch_orders_o_orderkey.ebd571817b' was left open.
[0m19:51:41.640336 [debug] [MainThread]: On test.data_pipeline.source_not_null_tpch_orders_o_orderkey.ebd571817b: Close
[0m19:51:41.800064 [debug] [MainThread]: Connection 'test.data_pipeline.source_relationships_tpch_lineitem_l_orderkey__o_orderkey__source_tpch_orders_.f722cb898d' was left open.
[0m19:51:41.800562 [debug] [MainThread]: On test.data_pipeline.source_relationships_tpch_lineitem_l_orderkey__o_orderkey__source_tpch_orders_.f722cb898d: Close
[0m19:51:41.919830 [debug] [MainThread]: Connection 'test.data_pipeline.source_unique_tpch_orders_o_orderkey.374f048af2' was left open.
[0m19:51:41.920176 [debug] [MainThread]: On test.data_pipeline.source_unique_tpch_orders_o_orderkey.374f048af2: Close
[0m19:51:42.041444 [debug] [MainThread]: Connection 'test.data_pipeline.unique_fct_orders_order_key.f5e7a90273' was left open.
[0m19:51:42.042131 [debug] [MainThread]: On test.data_pipeline.unique_fct_orders_order_key.f5e7a90273: Close
[0m19:51:42.167729 [info ] [MainThread]: 
[0m19:51:42.168680 [info ] [MainThread]: Finished running 9 data tests in 0 hours 0 minutes and 5.70 seconds (5.70s).
[0m19:51:42.170996 [debug] [MainThread]: Command end result
[0m19:51:42.188869 [debug] [MainThread]: Wrote artifact WritableManifest to /Users/almond505/My Files/Almond/Work/Data Engineering - ETL DBT snowflake airflow/dbt-dag/dags/dbt/data_pipeline/target/manifest.json
[0m19:51:42.190532 [debug] [MainThread]: Wrote artifact SemanticManifest to /Users/almond505/My Files/Almond/Work/Data Engineering - ETL DBT snowflake airflow/dbt-dag/dags/dbt/data_pipeline/target/semantic_manifest.json
[0m19:51:42.195388 [debug] [MainThread]: Wrote artifact RunExecutionResult to /Users/almond505/My Files/Almond/Work/Data Engineering - ETL DBT snowflake airflow/dbt-dag/dags/dbt/data_pipeline/target/run_results.json
[0m19:51:42.195623 [info ] [MainThread]: 
[0m19:51:42.195850 [info ] [MainThread]: [32mCompleted successfully[0m
[0m19:51:42.196022 [info ] [MainThread]: 
[0m19:51:42.196209 [info ] [MainThread]: Done. PASS=9 WARN=0 ERROR=0 SKIP=0 NO-OP=0 TOTAL=9
[0m19:51:42.231762 [debug] [MainThread]: Resource report: {"command_name": "test", "command_success": true, "command_wall_clock_time": 7.0329075, "process_in_blocks": "0", "process_kernel_time": 0.478983, "process_mem_max_rss": "216793088", "process_out_blocks": "0", "process_user_time": 2.47003}
[0m19:51:42.232258 [debug] [MainThread]: Command `dbt test` succeeded at 19:51:42.232202 after 7.03 seconds
[0m19:51:42.232561 [debug] [MainThread]: Sending event: {'category': 'dbt', 'action': 'invocation', 'label': 'end', 'context': [<snowplow_tracker.self_describing_json.SelfDescribingJson object at 0x1050c98e0>, <snowplow_tracker.self_describing_json.SelfDescribingJson object at 0x10eac18e0>, <snowplow_tracker.self_describing_json.SelfDescribingJson object at 0x105763f50>]}
[0m19:51:42.232809 [debug] [MainThread]: Flushing usage events
[0m19:51:43.468017 [debug] [MainThread]: An error was encountered while trying to flush usage events
